Barkod,Kore Trendleri,Kategori,Marka,UrunAdi,psf,indirimli fiyat,Stok
8800256114482,Kore Trendleri,Cilt Bakımı,Medicube,AGE-R Booster Pro Black,"32,998.00","16,499.00",400
8800256114481,Kore Trendleri,Cilt Bakımı,Medicube,AGE-R Booster Pro Pink,"33,998.00","16,999.00",200
8809700320812,Kore Trendleri,Cilt Bakımı,Celimax,Retinal Shot Tightening Booster Krem 15ml,"1,380.00",966.00,699
8809875907412,Kore Trendleri,Cilt Bakımı,Celimax,"Retinol Shot Tightening Serum (Cilt Elastikiyetini Destekleyen ve Sıkılığını Korumaya Yardımcı, Peptit Kompleksli Retinol Shot Serum) 30ml","1,380.00",966.00,215
8800250591974,Kore Trendleri,Cilt Bakımı,Frankly,PDRN İçeren Cildi Gençleştirmeye Yardımcı Çift Fazlı Esans Serum PDRN Bounce Ball Serum 30ml,"1,313.00",919.00,50
8809875900215,,Cilt Bakımı,Frankly,"%0,1 Retinol İçeren Kırışıklık Karşıtı ve Yenileyici Retinol Krem 30ml","1,174.00",822.00,50
8809875904343,,Cilt Bakımı,Frankly,"%0,3 Retinol İçeren Kırışıklık Karşıtı ve Yenileyici Retinol Krem 20ml","1,245.00",871.00,50
8809738605226,Kore Trendleri,Cilt Bakımı,Frankly,Closer Serum 9 Peptit İçeren Gözenek Sıkılaştırıcı ve Yaşlanma Karşıtı Serum 30ml,"1,036.00",725.00,0
8809783324905,,Cilt Bakımı,Frankly,Vita Bomb Yatıştırıcı ve Aydınlatıcı Leke Karşıtı Antioksidan Serum 30ml,"1,036.00",725.00,50
8809563067794,,Cilt Bakımı,Frankly,Heyday Pantenol ve Hyalüronik Asit İçeren Yoğun Nemlendirici Onarıcı Serum 30ml,"1,036.00",725.00,0
8809990268047,,Cilt Bakımı,Frankly,%10 Betain ve Niacinamide Cilt Bariyeri Onarıcı ve Yenileyici Serum 30ml,"1,036.00",725.00,50
8809783324904,,Cilt Bakımı,Frankly,%23 Saf C Vitamini Içeren Leke Karşıtı Aydınlatıcı ve Canlandırıcı Serum 15ml,"1,036.00",725.00,0
8809635232754,,Cilt Bakımı,Frankly,Butter So Much Cilt Bariyeri Güçlendiren Onarıcı ve Nemlendirici Krem 80ml,"1,291.00",904.00,50
8809875906774,,Cilt Bakımı,Frankly,Cicahae Centella Asiatica İçeren Nemlendirici ve Yatıştırıcı Güneş Kremi SPF50+ PA++++ 50ml,"1,131.00",792.00,50
8809875907320,,Cilt Bakımı,Frankly,Bright Up Ton Eşitleyici ve Aydınlatıcı Mineral Güneş Kremi SPF50+ PA++++ 50ml,"1,131.00",792.00,50
8809534173196,,Cilt Bakımı,Frankly,"%8 Glikolik Asit İçeren Gözenek Arındırıcı, Sıkılaştırıcı ve Aydınlatıcı AHA Tonik 100ml","1,106.00",774.00,50
8809527484919,,Cilt Bakımı,Frankly,%80 Cica içeren Hassas Ciltler için Yarıştırıcı ve Nemlendirici Tonik 260ml,"1,328.00",930.00,0
8809534173197,,Cilt Bakımı,Frankly,15% Niacinamide ve Çinko Boncukları İçeren Gözenek Serumu 30ml,"1,036.00",725.00,0
8809527484920,,Cilt Bakımı,Frankly,BHA İçeren Siyah Nokta Arındırıcı Derinlemesine Makyaj Temizleme Yağı 200ml,"1,283.00",898.00,0
8809954943911,,Cilt Bakımı,Frankly,"Pirinç Özü, 9 Çeşit peptit ve Kolajen İçeren Gözenek Sıkılaştırıcı Closer Toner Pad 70 Adet 105ml","1,157.00",810.00,50
8809954945908,Kore Trendleri,Mask Bar,Frankly,"Pirinç Özü, Peptit ve Kolajen İçeren Gözenek Sıkılaştırıcı Kağıt Maske ",214.00,150.00,50
8800250591905,,Cilt Bakımı,Frankly,Glow Filter Tone Up Glutathion İçeren Aydınlatıcı Ton Eşitleyici Krem 50ml,"1,106.00",774.00,50
8800289474910,,Cilt Bakımı,Medicube,PDRN Pink Glutathione Serum Mist (İnce Çizgi ve Donukluk Önleyici Parlatıcı Glutatyonlu Tonik) 100ml,"1,260.00",882.00,10
8800256114382,,Cilt Bakımı,Medicube,Age R Glutathione Glow Toner (Koyu Leke Karşıtı ve Parlatıcı Çift Katmanlı Glutatyonlu Tonik) 140ml,"1,519.00","1,063.00",391
8800256112227,,Cilt Bakımı,Medicube,Collagen Jelly Cream (Cilt Parlaklığını Arttırıcı ve Elastikiyet Koruyucu Hidrolize Kolajenli Jel Krem) 50ml,"1,140.00",798.00,787
8800256108053,Kore Trendleri,Cilt Bakımı,Medicube,PDRN Pink Peptide Serum (İnce Çizgi Önleyici Elastikiyet Koruyucu PDRN Peptit Serumu) 30ml,"1,181.00",827.00,10
8800240573188,,Cilt Bakımı,Medicube,Age R Glutathione Glow Capsule Cream (Parlatıcı ve Elastikiyet Artırıcı Yaşlanma Karşıtı Glutatyonlu Krem) 50ml,"1,740.00","1,218.00",261
8809982769866,,Cilt Bakımı,Medicube,Deep Vita C Capsule Cream (Leke Karşıtı ve Parlatıcı 5 Çeşit C Vitaminli Kapsül Krem) 55gr,"1,699.00","1,189.00",38
8800256113217,,Mask Bar,Medicube,Collagen Night Wrapping Mask (Besleyici ve Elastikiyet Koruyucu Kolajenli Soyulabilir Uyku Maskesi) 75ml,"1,519.00","1,063.00",813
8800289470165,Kore Trendleri,Mask Bar,Medicube,PDRN Pink Vita Coating Mask (Nemlendirici ve Besleyici Somon PDRN ve Pembe B12 Vitaminli Kağıt Maske) 22g,249.00,174.00,550
8800256115532,,Cilt Bakımı,Medicube,PDRN Pink Exosome Shot Serum 7500 (Elastikiyet Koruyucu Somon PDRN ve Eksozom Kaplı Mikro Bakım Ampulü Yüksek Seviye) 30ml,"1,459.00","1,021.00",111
8800256115167,,Cilt Bakımı,Medicube,Zero Pore Pad 70li (Siyah ve Beyaz Nokta Karşıtı Gözenek Arındırıcı Asitli Ped) 155gr,"1,080.00",756.00,10
8800240567354,,Cilt Bakımı,Medicube,Zero Pore One Day Cream (Gözenek Sıkılaştırıcı Krem),"1,699.00","1,189.00",10
8800256114566,,Cilt Bakımı,Medicube,AGE-R Booster Pro Head Case Pink,199.00,139.00,315
8809960356033,,Cilt Bakımı,Medicube,AGE-R Vita C Pro Ampoule (C Vitaminli Serum),"1,699.00","1,189.00",562
8809936585894,,Cilt Bakımı,Medicube,AGE-R Vita K Refining Cream (Cilt Elastikiyetini Arttıran Krem),"1,459.00","1,021.00",17
8800240576608,,Cilt Bakımı,Medicube,Collagen Firming Sun Cream (Elastikiyet Destekleyici ve Yaşlanma Önleyici Kolajen Kompleks & Seramidli Güneş Kremi) 50ml,"1,481.00","1,037.00",10
8800240579838,,Cilt Bakımı,Medicube,Deep Lifting Peptide Eye Cream For Face (Kırışıklık Karşıtı Göz Kremi),"1,879.00","1,315.00",10
8800240576585,,Mask Bar,Medicube, Deep Peptide Radiance Mask (Kırışıklık Karşıtı-Aydınlatıcı Maske),249.00,174.00,499
8809960356620,,Cilt Bakımı,Medicube,Deep Vita A Retinol Serum (İnce Çizgi ve Elastikiyet Kaybı Önleyici %1 Granactive Retinoid & Bakuchiol İçeren Gece Serumu) 30ml,"1,699.00","1,189.00",408
8800240566944,,Cilt Bakımı,Medicube,Deep Vita C Ampoule (Koyu Leke ve İz Karşıtı Parlatıcı Saf C Vitamini Serumu) 3x10ml,"1,999.00","1,399.00",10
8800256113057,,Mask Bar,Medicube,Deep Vita C Glutathione Brightening Mask (Parlatıcı ve Leke Önleyici %98 Saf Glutatyon ve C Vitaminli Maske) 27ml,249.00,174.00,98
8800256109661,,Cilt Bakımı,Medicube,Deep Vita C Pad 70li (Leke ve Mat Görünüm Karşıtı C Vitaminli Ped) 150gr,"1,699.00","1,189.00",10
8800256112074,,Cilt Bakımı,Medicube,Exosome Cica Calming Ampoule (Stres Karşıtı ve Dengeleyici Nano-Eksozom Cica & Niacinamide İçeren Ampül) 30ml,"1,699.00","1,189.00",21
8800256112142,,Cilt Bakımı,Medicube,Exosome Cica Calming Cream (Dengeleyici Nano-Eksozom Cica ve Seramid NP İçeren 48 Saat Etkili Bakım Kremi) 50ml,"1,519.00","1,063.00",94
8800256119141,,Cilt Bakımı,Medicube,Hyaluronic Multi Peptide PDRN Serum (Işıltı ve Yatıştırıcı Etkili),"1,140.00",798.00,10
8800256114658,,Mask Bar,Medicube,Kojic Acid Turmeric Brightening Gel Mask (Parlatıcı ve Leke Önleyici Kojik Asit ve Zerdeçallı Şeffaflaşan Jel Maske) 28g,298.00,208.00,10
8800289474859,,Mask Bar,Medicube,Kojic Acid Turmeric Night Wrapping Mask (Aydınlatıcı Gece Maskesi),"1,699.00","1,189.00",328
8809981334928,,Cilt Bakımı,Medicube,One Day Exosome Shot Pore Serum 2000 (Geniş Gözenek Karşıtı Mikro Bakım Ampulü Başlangıç Seviyesi) 30ml,"1,560.00","1,092.00",10
8800256115556,,Cilt Bakımı,Medicube,One Day Exosome Shot Pore Ampoule 25000,"1,063.00",744.00,95
8809982768524,,Cilt Bakımı,Medicube,One Day Exosome Shot Pore Ampoule 7500,"1,639.00","1,147.00",10
8800289470455,,Mask Bar,Medicube,PDRN Lip Sleeping Mask (Nemli Dolgunluk ve Parlaklık Verici Pürüzsüzlüğü Koruyan PDRN İçerikli Dudak Uyku Maskesi) 10g,850.00,595.00,10
8800256115549,,Cilt Bakımı,Medicube,PDRN Pink Exosome Shot Serum 7500 (Elastikiyet Koruyucu Somon PDRN ve Eksozom Kaplı Mikro Bakım Ampulü) 30ml,"1,459.00","1,021.00",52
8800256113101,,Cilt Bakımı,Medicube,PDRN Pink Hyaluronic Moisturizing Cream,"1,140.00",798.00,10
8800289473159,,Cilt Bakımı,Medicube,PDRN Pink Niacinamide Whip Cleanser (Gözenek ve Leke Önleyici Somon PDRN ve Niacinamide İçeren Köpük Temizleyici) 120g,900.00,630.00,10
8800256115365,Kore Trendleri,Cilt Bakımı,Medicube,"PDRN Pink One Day Serum (1,5 ml x 10) (Parlatıcı ve Leke Önleyici %99 Saf Somon PDRN ve Kolajen İçeren Tek Dozluk Yoğun Serum)",830.00,581.00,339
8800256119042,,Cilt Bakımı,Medicube,PDRN Pink Peptide Eye Cream (Koyu Halka ve Kırışıklık Önleyici Somon PDRN ve %99 Saf Retinollü Göz Serumu) 30ml,991.00,694.00,10
8800256119219,,Cilt Bakımı,Medicube,PDRN Pink Tone Up Sun Cream (Somon PDRN ve Glutatyon İçeren Ton Eşitleyici Güneş Kremi) 50ml,850.00,595.00,10
8809936587119,,Cilt Bakımı,Medicube,Red Acne Body Wash (Vücut Aknesi ve Gözenek Önleyici Niacinamide ve Salisilik Asitli Vücut Temizleyicisi ) 400g,"1,519.00","1,063.00",9
8809921779093,,Cilt Bakımı,Medicube,Red Erasing Cream (Kızarıklık Karşıtı Nemlendirici Krem),"1,140.00",798.00,10
8800256112487,,Saç Bakımı,Medicube,Soymint Scaling Shampoo (Yağlı Saç Derisi ve Kepek Karşıtı Arındırıcı Nane ve Oksijenli Şampuan) 490ml,"1,399.00",979.00,2
8800256114313,,Cilt Bakımı,Medicube,Triple Collagen Cream (Yaşlanma ve Leke Karşıtı Kolajenli Krem) 50ml,"1,601.00","1,121.00",10
8800256114351,,Cilt Bakımı,Medicube,Triple Collagen Serum (Üçlü Kolajen Serum) 55ml,"1,260.00",882.00,10
8800256114320,,Cilt Bakımı,Medicube,Triple Collagen Toner (Üçlü Kolajen Tonik) 140ml,"1,140.00",798.00,10
8800256119134,,Cilt Bakımı,Medicube,TXA Niacinamide Serum (Koyu Leke Önleyici ve Parlatıcı %5 TXA ve %10 Niacinamide İçeren Serum) 30ml,"1,140.00",798.00,39
8800256114610,,Cilt Bakımı,Medicube,Zero Pore Blackhead Deep Cleansing Oil (Siyah Nokta Giderici Derin Temizleyici Yağ),"1,001.00",701.00,38
8800256119226,,Cilt Bakımı,Medicube,Zero Pore Clear Capsule Cleansing Foam,900.00,630.00,10
8809982769828,,Cilt Bakımı,Medicube,Zero Pore One Day Serum (Gözenek Sıkılaştırıcı Serum),"1,490.00","1,043.00",10
8809517414315,,Cilt Bakımı,Medicube,Zero Pore Pad Mild (Gözenek Sıkılaştırıcı ve Temizleyici Ped),"1,399.00",979.00,188
8800256114283,,Cilt Bakımı,Medicube,Zero Pore Serum (Gözenek Karşıtı Serum),"1,560.00","1,092.00",10
8809982769903,,Cilt Bakımı,Medicube,Collagen Jelly Cream (Cilt Parlaklığını Arttırıcı ve Elastikiyet Koruyucu Kolajenli Jel Krem) 50ml,"1,519.00","1,063.00",184
8809517411741,,Mask Bar,Medicube,Collagen Lifting Mask (Nemlendirici ve Lifting Etkili Maske) 27gr,249.00,174.00,241
8809982769941,,Mask Bar,Medicube,Deep Vita C Daily Quick 30 Sheet Masks (C Vitamini ve Niasinamid İçeren Aydınlatıcı ve Nemlendirici Vegan Yüz Maskeleri),"1,699.00","1,189.00",10
8800256112159,Kore Trendleri,Cilt Bakımı,Medicube,Exosome Cica Calming Toner (Dengeleyici ve Arındırıcı Nano-Eksozom Cica & Çay Ağacı Sulu Tonik) 210ml,"1,519.00","1,063.00",500
8800256112234,,Cilt Bakımı,Medicube,PDRN Pink Cica Soothing Toner (Leke ve Donuk Görünüm Önleyici PDRN Toniği) 250ml,"1,140.00",798.00,273
8809982769897,,Mask Bar,Medicube,Super Cica Daily Quick Mask (30lu) (Besleyici ve Stres Karşıtı Günlük Cica Maskesi) 350gr,249.00,174.00,465
8800256119660,,Cilt Bakımı,Medicube,TXA Niacinamide Capsule Cream (Koyu Leke Önleyici ve Parlatıcı Traneksamik Asit ve Niacinamide İçeren Kapsül Krem) 55g,"1,841.00","1,289.00",325
8809960356767,,Mask Bar,Medicube,Zero Pore Blackhead Mud Mask (Siyah Nokta ve Pürüz Karşıtı Arındırıcı Asitli Kil Maskesi) 100gr,"1,063.00",744.00,10
8800240569969,,Mask Bar,Medicube,Zero Pore Cooling Mask (Sıfır Gözenek Maskesi) 27gr,249.00,174.00,10
8800256119332,,Cilt Bakımı,Medicube,Zero Pore Moisture Sun Serum (Tüm Cilt Tipleri İçin Nemlendirici Etkili) 100ml,900.00,630.00,167
8800256109852,,Cilt Bakımı,Medicube,Exosome Cica Calming Pad (Dengeleyici ve Gözenek Önleyici Nano-Eksozom Cica ve Niacinamide İçeren Tonik Ped) 150ml,"1,598.00","1,119.00",20
8800256114979,,Cilt Bakımı,Medicube,PDRN Booster Gel (İnce Çizgi Önleyici ve Elastikiyet Koruyucu Jel) 300ml,"1,200.00",840.00,185
8800256115174,,Cilt Bakımı,Medicube,Glutathione Glow Serum (Leke ve Kaz Ayağı Karşıtı Glutatyonlu Parlaklık Serumu) 30ml,"1,140.00",798.00,75
8800256108046,Kore Trendleri,Mask Bar,Medicube,PDRN Pink Collagen Gel Mask (48 Saat Boyunca Elastikiyet Koruyucu ve Besleyici Kolajenli Jel Maske) 28gr,249.00,174.00,1019
8800240567347,,Cilt Bakımı,Medicube,Super Cica Deep Cleansing Balm (Gözenek ve Siyah Nokta Arındırıcı Cica Pudra & LHA İçeren Temizleme Balmı) 100ml,"1,481.00","1,037.00",33
8800240575298,,Cilt Bakımı,Medicube,Zero Foam Cleanser (Geniş Gözenek ve Mikro Toz Karşıtı Arındırıcı Temizleyici Köpük) 120gr,830.00,581.00,10
8809928135601,,Makyaj,Tırtır,"Mask Fit Red Cushion Mini 13N Fair Ivory 4,5G,","1,080.00",756.00,24
8809928135618,,Makyaj,Tırtır,"Mask Fit Red Cushion Mini 15C Fair Porcelain 4,5G,","1,080.00",756.00,24
8809679696480,,Makyaj,Tırtır,"Mask Fit Red Cushion Mini 17C Porcelain 4,5G,","1,080.00",756.00,24
8809928136073,,Makyaj,Tırtır,Waterism Glow Tint 02 Merry Coral,"1,008.00",706.00,0
8809679691098,,Makyaj,Tırtır,Waterism Glow Lip Oil (Honey),972.00,680.00,0
8809928132013,,Makyaj,Tırtır,Waterism Glow Lip Oil (Lavender),972.00,680.00,0
8809928132006,,Makyaj,Tırtır,Waterism Glow Lip Oil (Mint),972.00,680.00,0
8809928134352,,Makyaj,Tırtır,Hydro Boost Enzyme Powder Wash (Siyah Nokta ve Geniş Gözenek Önleyici Enzimli ve Asitli Yıkama Tozu) 75g,"1,500.00","1,050.00",0
8809928134857,,Makyaj,Tırtır,"Mask Fit Red Cushion 15C Fair Porcelain 18G,","1,980.00","1,386.00",24
8809928133867,,Makyaj,Tırtır,"Mask Fit Red Cushion 21W Natural Ivory 18G,","1,980.00","1,386.00",0
8809928134888,,Makyaj,Tırtır,"Mask Fit Red Cushion 21C Cool Ivory 18G,","1,980.00","1,386.00",0
8809679696468,,Makyaj,Tırtır,"Mask Fit Red Cushion 23N Sand 18G,","1,980.00","1,386.00",0
8809928136738,,Makyaj,Tırtır,"Mask Fit All Cover Cushion Fondöten 15C Fair Porcelain 18G,","1,980.00","1,386.00",0
8809928136769,,Makyaj,Tırtır,Mask Fit All Cover Cushion Fondöten 25N Mocha 18G,"1,980.00","1,386.00",0
8809416470009,Kore Trendleri,Cilt Bakımı,Cosrx,Advanced Snail 96 Mucin Power Essence (Besleyici Salyangoz Salgısı Özü) 100ml,"1,530.00","1,071.00",30
8809416470511,,Cilt Bakımı,Cosrx,Low Ph Good Morning Gel Cleanser (Çay Ağacı Özlü Nazik Temizleyici Jel) 150ml,716.00,501.00,30
8809598455375,,Cilt Bakımı,Cosrx,Salicylic Acid Daily Gentle Cleanser (Salisilik Asitli Geniş Gözenek Karşıtı Temizleyici Jel) 150ml,716.00,501.00,30
8809598454354,,Cilt Bakımı,Cosrx,Aloe Soothing Sun Cream SPF50 Pa+++ (Aloe Veralı Hibrit Güneş Koruyucu) 50ml,"1,088.00",762.00,30
8809416470030,,Cilt Bakımı,Cosrx,AHA/BHA Clarifying Treatment Toner (Siyah Nokta Temizleyici Etkili) 150ml ,"1,088.00",762.00,30
8809598455412,,Cilt Bakımı,Cosrx,Advanced Snail Peptide Eye Cream (Peptitli Salyangoz Sıvısı Özlü Göz Kremi) 25ml,"2,020.00","1,414.00",30
8809416470047,,Cilt Bakımı,Cosrx,"AHA 7 Whitehead Power Liquid (Beyaz Nokta, Pürüz ve Komedon Önleyici %7 Asitli Tonik) 100ml","1,308.00",916.00,30
8809416470054,,Cilt Bakımı,Cosrx,BHA Blackhead Power Liquid (Siyah Nokta Önleyici Tonik) 100ml,"1,528.00","1,070.00",30
8809598454309,,Cilt Bakımı,Cosrx,Full Fit Propolis Synergy Toner (Besleyici Propolis Tonik) 150ml,"1,346.00",942.00,30
8809598455566,,Cilt Bakımı,Cosrx,Advanced Snail 92 All In One Cream (Besleyici Salyangoz Müsin Kremi) 100gr,"1,530.00","1,071.00",30
8809598455801,,Cilt Bakımı,Cosrx,Advanced Snail Mucin Power Gel Cleanser (Salyangoz Özlü Temizleyici Jel) 150ml ,"1,371.00",960.00,30
8809598454323,,Cilt Bakımı,Cosrx,Full Fit Propolis Light Cream (Besleyici Propolisli Krem) 65ml,"2,534.00","1,774.00",30
8809598454316,,Cilt Bakımı,Cosrx,Full Fit Propolis Light Ampule (Güçlendirici ve Besleyici Propolis Ampul) 30ml,"2,118.00","1,482.00",30
8809598455726,,Cilt Bakımı,Cosrx,Acne Pimple Master Patch (Akne Söndürücü Şeffaf Bant) 24'lü,365.00,256.00,30
8809598455658,,Cilt Bakımı,Cosrx,The 6 Peptide Skin Booster Serum (Cilt Bariyeri Güçlendirici Etkili) 150ml,"2,399.00","1,679.00",30
8809416470559,,Cilt Bakımı,Cosrx, Oil Free Ultra Moisturizing Lotion (Yağlı Ciltler İçin Nemlendirici Etkili Losyon) 100ml ,"1,652.00","1,157.00",30
8800250591906,Kore Trendleri,Cilt Bakımı,DalBam,Cypress Silky Sunscreen (Aydınlatıcı Nemlendirici Yaşlanma Karşıtı SPF50 Yüz Güneş Kremi) 50ml,"1,893.00","1,325.00",1000
8800250591907,,Cilt Bakımı,DalBam,Cypress Toner Pads (60'lı Aydınlatıcı Gözenek Sıkılaştırıcı Nemlendirici Tonik Ped) 170ml,"1,949.00","1,365.00",1000
8800250591908,,Cilt Bakımı,DalBam,Cypress Active Serum (Aydınlatıcı Yaşlanma Kırışıklık Karşıtı Nemlendirici Yüz Serumu) 50ml,"1,920.00","1,344.00",1000
8800250591909,,Cilt Bakımı,DalBam,Cypress PH Balanced Cleansing Fluid (Gözenek Arındırıcı Siyah Nokta ve Akne Karşıtı Yüz Temizleyici Jel) 100ml,"1,926.00","1,348.00",1000
8809663757328,,Cilt Bakımı,Mizon,7 Vegan Peptide Booster (Sıkılaştırıcı Etkili Cilt Serumu) 150ml,"1,740.00","1,218.00",30
8809663751593,,Cilt Bakımı,Mizon,Collagen 100 Serum (Sıkılaştırıcı ve Nemlendirici Etkili Cilt Serumu) 30ml,"1,740.00","1,218.00",30
8809663751661,,Cilt Bakımı,Mizon,Collagen Power Firming Enriched Cream (Yaşlanma Karşıtı Nemlendirici Yüz Kremi) 50ml,"1,908.00","1,336.00",30
8809663751500,,Cilt Bakımı,Mizon,Collagen Power Firming Eye Cream (Yaşlanma Karşıtı Göz Çevresi Bakım Kremi) 25ml,"1,908.00","1,336.00",30
8809663754594,,Cilt Bakımı,Mizon,Collagen Power Lifting Toner (Nemlendirici Etkili Cilt Toniği) 120ml,"1,740.00","1,218.00",30
8809663756314,,Mask Bar,Mizon,Hyalugen Pearly Jelly Mask (Nemlendirici Dengeleyici Yüz Maskesi) 35gr,"2,100.00","1,470.00",30
8809663755560,,Kişisel Bakım,Mizon,Hyalugen Double Layer Mist (Nemlendirici Etkili Yüz Misti) 100ml,"1,800.00","1,260.00",30
8809663755546,,Cilt Bakımı,Mizon,Hyalugen Gel To Foam Cleanser (Nemlendirici Etkili Yüz Temizleyici Jel) 100ml,"1,080.00",756.00,30
8809663756703,,Cilt Bakımı,Mizon,Inout Daily Soothing Sunscreen SPF50+ PA++++ (Nemlendirici Yatıştırıcı Güneş Kremi) 50ml,"1,548.00","1,084.00",30
8809663754006,,Cilt Bakımı,Mizon,Cica Aloe Soothing Gel Cream (Nemlendirici Onarıcı Yüz Kremi) 300ml,420.00,294.00,30
8809689370211,,Kişisel Bakım,Mizon,Hand And Foot Cream Hyaluronic (Nemlendirici ve Besleyici Etkili El & Vücut Kremi) 100ml,312.00,218.00,30
8809663753504,,Cilt Bakımı,Mizon,Good Bye Blemish Fresh Toner (Sivilce Karşıtı Yüz Toniği) 120ml,"1,560.00","1,092.00",30
8809663751654,,Cilt Bakımı,Mizon,All In One Snail Repair Cream (Salyangoz Özlü Nemlendirici Bakım Kremi) 75gr,"2,100.00","1,470.00",30
8809663751647,,Cilt Bakımı,Mizon,All In One Snail Repair Cream Tube (Nemlendirici Salyangoz Özlü Bakım Kremi) 35gr,696.00,487.00,30
8809663751739,,Cilt Bakımı,Mizon,Snail Repair Eye Cream (Salyangoz Özlü Canlandırıcı Göz Kremi) 25ml,"1,680.00","1,176.00",30
8809663751708,,Cilt Bakımı,Mizon,Snail Repair Eye Cream Tube (Yaşlanma Karşıtı Tüp Göz Kremi) 15ml,600.00,420.00,30
8809663753153,,Cilt Bakımı,Mizon,Snail Repair Perfect Cream (Salyangoz Özlü Nemlendirici Yüz Kremi) 50ml,"1,740.00","1,218.00",30
8809743540321,,Cilt Bakımı,Mizon,Snail Miniature Set (Canlandırıcı Nemlendirici Onarıcı 4'lü Cilt Bakım Seti),"1,920.00","1,344.00",30
8809579273134,,Mask Bar,Mizon,Hyaluronic Acid Eye Gel Patch (Hyalüronik Asit Nemlendirici Göz Altı Maskesi) 84gr,"2,040.00","1,428.00",30
8809587521807,,Mask Bar,Mizon,Snail Repair Gold Eye Gel Patch (Yaşlanma Karşıtı Altın ve Salyangoz Ekstreli Göz Maskesi 60 Adet) 84gr,"2,040.00","1,428.00",30
8809663752590,,Cilt Bakımı,Mizon,Only One Eye Cream For Face (Aydınlatıcı Göz Çevresi Bakım Kremi) 30ml,720.00,504.00,30
8809738601860,,Cilt Bakımı,Mizon,Cicaluronic Nonnano Sunblock (Onarıcı Etkili Güneş Kremi) 50ml,"1,320.00",924.00,30
8809663752347,,Mask Bar,Mizon,Joyful Time Essence Mask Pomegranate (Nemlendirici Yüz Maskesi) 23gr,156.00,109.00,30
8809663752392,,Mask Bar,Mizon,Joyful Time Essence Mask Bamboo (Arındırıcı Canlandırıcı Yüz Makesi) 23gr,156.00,109.00,30
8809663752262,,Mask Bar,Mizon,Joyful Time Essence Mask Green Tea (Nemlendirici Yüz Maskesi) 23gr,156.00,109.00,30
8809663752255,,Mask Bar,Mizon,Joyful Time Essence Mask Aloe (Nemlendirici Canlandırıcı Yüz Maskesi) 23gr,156.00,109.00,30
8809663752316,,Mask Bar,Mizon,Joyful Time Essence Mask Cucumber (Nemlendirici Sıkılaştırıcı Yüz Maskesi) 23gr,156.00,109.00,30
8809663752330,,Mask Bar,Mizon,Joyful Time Essence Mask Strawberry (Nemlendirici Yüz Maskesi) 23gr ,156.00,109.00,30
8809672284501,,Mask Bar,Leaders,Ac-Dressing Skin Clinic (Akne Karşıtı Maske) 25ml,319.00,223.00,0
8809672284631,,Mask Bar,Leaders,Aloe Soothing Skin Renewal Yatıştırıcı Maske 25ml,80.00,56.00,0
8809672284488,,Mask Bar,Leaders,Aquaringer Skin Clinic (Nemlendirici Maske) 25ml,80.00,56.00,0
8809672282637,,Cilt Bakımı,Leaders,Ampoule (Cilt Bariyer Onarımını Destekleyen Yatıştırıcı ve Nemlendirici Yüz Bakım Ampulü) 30ml,80.00,56.00,0
8809672282644,,Mask Bar,Leaders,Gel Mask (Cilt Bariyer Onarımını Destekleyici Nemlendirici Krem Maske) 80ml,940.00,658.00,0
8809672282620,,Cilt Bakımı,Leaders,Essence Water (Arındırıcı Cilt Bariyer Onarımını Destekleyici Nemlendirici Tonik) 150ml,520.00,364.00,0
8809672283696,,Mask Bar,Leaders,Essential Mask (Cilt Bariyer Onarımını Destekleyen Nemlendirici Yüz Maskesi) 25ml,868.00,608.00,0
8809672283924,,Cilt Bakımı,Leaders,Gel Cleanser (Sülfatsız Cilt Bariyer Onarımını Destekleyen Yüz Yıkama Jeli 200ml),92.00,64.00,0
8809672283697,,Cilt Bakımı,Leaders,Quick Soothing Pads (Cilt Bariyer Onarımını Destekleyen Nemlendirici Yüz Pedi 80 Adet),"1,060.00",742.00,0
8809672283698,,Cilt Bakımı,Leaders,Sun Essence (Cilt Bariyer Onarımını Destekleyici Yüksek Koruma Faktörlü Nemlendirici Güneş Kremi) 40ml,"1,210.00",847.00,0
8809483318754,,Cilt Bakımı,Leaders,Calming Clear (Akne Karşıtı Temizleme Köpüğü) 150ml,"1,110.00",777.00,0
8809483318914,,Makyaj,Leaders,Milk Peel Cleanse Balm (Gomaj Yapıda Peeling Etkili Yüz Ve Makyaj Temizleme Balmı) 180ml,980.00,686.00,0
8809672282897,,Cilt Bakımı,Leaders,Daily Cooling Care For Face & Body (2'si 1 Arada Yüz ve Vücut Soğutucu),"1,210.00",847.00,0
8809672284570,,Mask Bar,Leaders,Collagen Enhancer Skin Renewal (Yaşlanma Karşıtı Maske 10 Adet),"1,300.00",910.00,0
8809672283917,,Mask Bar,Leaders,First Shot Active (Yaşlanma Karşıtı Jel Maske 5 Adet),80.00,56.00,0
8809672283979,,Cilt Bakımı,Leaders,Green Collagen (Göz Çevresi Kremi) 30ml,300.00,210.00,0
8809672283981,,Cilt Bakımı,Leaders,Green Collagen (Nemlendirici Canlandırıcı Krem) 50ml,520.00,364.00,0
8809672283982,,Cilt Bakımı,Leaders,Green Collagen (Nemlendirici ve Sıkılaştırıcı Serum) 30ml,"1,000.00",700.00,0
8809672283610,,Mask Bar,Leaders,ImPHYTO (Kolajen Işıltı Maskesi 20 Adet),800.00,560.00,0
8809672282699,,Mask Bar,Leaders,ImPHYTO (Seramid İçerikli Maske 10 Adet),980.00,686.00,0
8809672283611,,Mask Bar,Leaders,ImPHYTO (Kolajen İçerikli Maske 10 Adet),80.00,56.00,0
8809672284105,,Cilt Bakımı,Leaders,ImPHYTO (Jericho Gülü Özlü Yatıştırıcı Jel) 200ml,80.00,56.00,0
8809672282712,,Mask Bar,Leaders,ImPHYTO (Musin İçerikli Maske),700.00,490.00,0
8809672282705,,Mask Bar,Leaders,ImPHYTO (Vitamin İçerikli Aydınlatıcı Vegan Maske),80.00,56.00,0
8809672281517,,Mask Bar,Leaders,Insolution Light Vaseline (Aydınlatıcı Maske),80.00,56.00,0
8809672281518,,Mask Bar,Leaders,Insolution Light Vaseline (Nemlendirici Maske),80.00,56.00,0
8809672281519,,Mask Bar,Leaders,Insolution Light Vaseline (Aydınlatıcı Maske 10 Adet),80.00,56.00,0
8809672281520,,Mask Bar,Leaders,Insolution Light Vaseline (Sıkılaştırıcı Maske 10 Adet),80.00,56.00,0
8809672284525,,Mask Bar,Leaders,Mela-tox Skin Clinic (Cilt Tonu Eşitleyici Maske),80.00,56.00,0
8809672281869,,Mask Bar,Leaders,Milk Sponge (Sürülebilir Köpük Maske) 100g,80.00,56.00,0
8809672284327,,Cilt Bakımı,Leaders,Milk Sponge (Yüz Yıkama Köpüğü) 120g,"1,100.00",770.00,0
8809672284099,,Mask Bar,Leaders,Nature Effect (Cica Içerikli Yatıştırıcı Maske),820.00,574.00,0
8809672284100,,Mask Bar,Leaders,Nature Effect (Heartleaf Içerikli Nemlendirici Maske),80.00,56.00,0
8809672284101,,Mask Bar,Leaders,Nature Effect (Yulaflı Besleyici Maske 10 Adet),80.00,56.00,0
8809672284102,,Mask Bar,Leaders,Nature Effect (Tremella Mantarı Sıkılaştırıcı Maske 10 Adet),80.00,56.00,0
8809672284103,,Mask Bar,Leaders,Nature Effect (Yuja Vita Aydınlatıcı Maske),80.00,56.00,0
8809672284471,,Mask Bar,Leaders,Nutrition Ampoule Pad (Besleyici Tonikli Ped 60 Adet),80.00,56.00,0
8809672284440,,Mask Bar,Leaders,Pore Tightening Pad (Gözenek Sıkılaştırıcı Tonikli Ped 50 Adet),980.00,686.00,0
8809672280589,,Mask Bar,Leaders,Prohydra (Uyku Maskesi 30 Adet),980.00,686.00,0
8809672283672,,Cilt Bakımı,Leaders,Stepsolution Tea Tree (Yatıştırıcı Tonikli Ped 60 Adet),980.00,686.00,0
8809672282804,,Cilt Bakımı,Leaders,Sunbuddy (Nemlendirici Güneş Kremi SPF50+) 50ml,"1,100.00",770.00,0
8809672284587,,Mask Bar,Leaders,Teatree Relaxing Skin Renewal (Rahatlatıcı Maske 10 Adet),820.00,574.00,0
8809672284464,,Mask Bar,Leaders,Teca Cooling Pad (Serinletici Etkili Tonikli Ped 80 Adet),80.00,56.00,0
8809672284617,,Mask Bar,Leaders,Vita Toning Skin Renewal (Cilt Tonu Eşitleyici Maske),"1,000.00",700.00,0
8809672284457,,Mask Bar,Leaders,Vita Blemish Pad (Vita Leke Karşıtı Tonikli Ped 80 Adet),80.00,56.00,0
8809672284549,,Mask Bar,Leaders,Wrinkle Tox Skin Clinic (Gözenek Sıkılaştırıcı Maske 10 Adet),"1,100.00",770.00,0
8809242199303,,Mask Bar,Leaders,Mediu Amino Ac-Free Maske 10 Adet,80.00,56.00,0
8809242199327,,Mask Bar,Leaders,Mediu Amino (Arındırıcı Maske) 25ml,80.00,56.00,0
8809242199328,,Mask Bar,Leaders,Mediu Amino Lifting Mask (Sıkılaştırıcı Maske) 25ml,80.00,56.00,0
8809242199329,,Mask Bar,Leaders,Mediu Amino Moisture Mask (Nemlendirici Maske) 25ml,80.00,56.00,0
8809242199330,,Mask Bar,Leaders,Mediu Amino Pore Tight Mask (Gözenek Sıkılaştırıcı Maske) 25 ml,80.00,56.00,0
8809672285263,,Cilt Bakımı,Leaders,PDRN Somon DNA (Yoğun Onarıcı Yaşlanma Karşıtı Yüz Temizleme Pedi 70 ADET),80.00,56.00,0
8809672285264,,Cilt Bakımı,Leaders,PDRN Somon DNA (Sıkılaştırıcı & Aydınlatıcı ve Yoğun Onarıcı Ampul) 30ml,"1,400.00",980.00,0
8809672283699,,Cilt Bakımı,Leaders,Intensive Cream (Cilt Bariyer Onarımını Destekleyen Yatıştırıcı ve Nemlendirici Yüz Kremi) 50g,"1,400.00",980.00,0
8809672283918,,Cilt Bakımı,Leaders,First Shot Active Essence (Yaşlanma Karşıtı Esans) 30 Ml,"1,400.00",980.00,0
8809672282477,,Cilt Bakımı,Leaders,Ampoule (Yoğun Nemlendirici Cilt Bariyer Onarıcı Ampul Seyahat Boy) 10ml,440.00,308.00,0
8809672282460,,Cilt Bakımı,Leaders,Essence Water (Arındırıcı & Nemlendirici Cilt Bariyer Onarıcı Tonik Seyahat Boy) 40ml,260.00,182.00,0
8809672282491,,Mask Bar,Leaders,ImPHYTO (Retinol İçerikli Vegan Maske),400.00,280.00,0
8809672283566,,Mask Bar,Leaders,ImPHYTO (AHA İçerikli Vegan Maske),80.00,56.00,0
8809672285249,,Cilt Bakımı,Leaders,"PDRN UV Daily Rose SPF25 PA++ (UV Koruyucu, Nemlendirici ve Besleyici Dudak Balmı) 10ml",80.00,56.00,0
8809672284211,,Cilt Bakımı,Leaders,Blemish Serum (Prebiyotik İçerikli Leke Karşıtı Aydınlatıcı Ve Ton Eşitleyici Serum) 30ml,560.00,392.00,0
8809968206606,,Makyaj,2AN,"No.17 Pure Ivory (Kompakt Fondöten- Porselen Görünümü, UV Korumalı, Gün Boyu Nemlendirici Etki)","1,440.00","1,008.00",30
8809968206607,,Makyaj,2AN,"No.21 Light Beige (Kompakt Fondöten- Porselen Görünümü, UV Korumalı, Gün Boyu Nemlendirici Etki )","1,740.00","1,218.00",30
8809968206608,,Makyaj,2AN,"No.23 Natural Beige (Kompakt Fondöten- Porselen Görünümü, UV Korumalı, Gün Boyu Nemlendirici Etki)","1,740.00","1,218.00",30
8809968206609,,Makyaj,2AN,"No.25 Sand Beige ( Kompakt Fondöten- Porselen Görünümü, UV Korumalı, Gün Boyu Nemlendirici Etki)","1,740.00","1,218.00",30
8809968206610,,Makyaj,2AN,"No.27 Soft Amber ( Kompakt Fondöten- Porselen Görünümü, UV Korumalı, Gün Boyu Nemlendirici Etki)","1,740.00","1,218.00",30
8809968206611,,Makyaj,2AN,"No.29 Caramel Beige (Kompakt Fondöten- Porselen Görünümü, UV Korumalı, Gün Boyu Nemlendirici Etki)","1,740.00","1,218.00",30
8809657121364,,Makyaj,2AN,No.21 Light Beige (Topaklanma Olmadan Uzun Süre Tam Kapatıcılık UV Korumalı Fondöten) 30ml,"1,740.00","1,218.00",30
8809657121365,,Makyaj,2AN,No.23 Natural Beige (Topaklanma Olmadan Uzun Süre Tam Kapatıcılık UV Korumalı Fondöten) 30ml,"1,600.00","1,120.00",30
8809657122385,,Makyaj,2AN,Silky Veil Primer (Gözenek Kırışıklık ve İnce Çizgileri Kapatan Şeffaf Jel Makyaj Bazı) 30ml,"1,600.00","1,120.00",30
8809864754669,,Makyaj,2AN,03 Coco Coral (Yüksek Pigmentli & Doğal Bitişli Uzun Süre Kalıcı İkili Toz Allık ),"1,700.00","1,190.00",30
8809864754670,,Makyaj,2AN,04 Hot Living Coral ( Yüksek Pigmentli & Doğal Bitişli Uzun Süre Kalıcı İkili Toz Allık),"1,300.00",910.00,30
8809864754671,,Makyaj,2AN,06 Pink Petal (Yüksek Pigmentli & Doğal Bitişli Uzun Süre Kalıcı İkili Toz Allık),"1,300.00",910.00,30
8809657129285,,Makyaj,2AN,Daily Blossom (Mat Simli ve Işıltılı Renklerden Oluşan 11'li Far Paleti),"1,300.00",910.00,30
8809657129286,,Makyaj,2AN,Rosely Blossom (Mat Simli ve Işıltılı Renklerden Oluşan 11'li Far Paleti),"1,960.00","1,372.00",30
8809968200840,,Makyaj,2AN,03 Misty (Mat Simli ve Işıltılı Renklerden Oluşan 6'lı Far Paleti),"1,960.00","1,372.00",30
8809968200841,,Makyaj,2AN,04 New Day (Mat Simli ve Işıltılı Renklerden Oluşan 6'lı Far Paleti),"1,680.00","1,176.00",30
8809968200842,,Makyaj,2AN,05 Dear Me (Mat Simli ve Işıltılı Renklerden Oluşan 6'lı Far Paleti),"1,680.00","1,176.00",30
8809657122484,,Mask Bar,2AN,Volume Curling Mascara (Suya Dayanıklı Maskara) 7.5g,"1,680.00","1,176.00",30
8809657122491,,Mask Bar,2AN,Long Lash Mascara (Ekstra Uzun Kirpik Görünümü Veren Gün Boyu Kalıcı Suya Dayanıklı Maskara) 7.5g,"1,100.00",770.00,30
8809657113734,,Mask Bar,2AN,Long&Curling Mascara Chocobrown (Ekstra Uzun Ekstra Yoğun Kıvrım Veren Maskara),"1,100.00",770.00,30
8809968205500,,Makyaj,2AN,07 Peach Scoop (Dolgun Pürüzsüz ve Mat Görünüm Veren Tint Ruj),"1,100.00",770.00,30
8809968205501,,Makyaj,2AN,10 Unsweet (Dolgun Pürüzsüz ve Mat Görünüm Veren Tint Ruj),900.00,630.00,30
8809968205502,,Makyaj,2AN,02 Puffy Rose (Dolgun Pürüzsüz ve Mat Görünüm Veren Tint Ruj),900.00,630.00,30
8809968205503,,Makyaj,2AN,11 Tipsy (Dolgun Pürüzsüz ve Mat Görünüm Veren Tint Ruj) ,900.00,630.00,30
8809968205504,,Makyaj,2AN,"Fluffy Blur Tint 05 (Dolgun Pürüzsüz Ve Mat Görünüm, Blur Efekti Veren Nemlendirici Tint Ruj)",900.00,630.00,30
8809968209171,,Makyaj,2AN,ND02 Clear (Cam Parlaklığı Veren Yenilikçi Toz Highlighter Aydınlatıcı),900.00,630.00,30
8809968209172,,Makyaj,2AN,PK01 Mermaid (Cam Parlaklığı Veren Yenilikçi Toz Highlighter Aydınlatıcı),900.00,630.00,30
8809968209173,,Makyaj,2AN,PUO1 Twilight (Cam Parlaklığı Veren Yenilikçi Toz Highlighter Aydınlatıcı),900.00,630.00,30
8809968206026,,Makyaj,2AN,"PP01 Cool Up Lip Gloss (Dudak Parlatıcısı, Nemlendirici, Kalıcı Yüksek Pigmentli)",900.00,630.00,30
8809968206027,,Makyaj,2AN,"BR01 Mood Up (Dudak Parlatıcısı, Nemlendirici, Kalıcı Yüksek Pigmentli)",900.00,630.00,30
8809962540713,,Kişisel Bakım,Round Lab,Birch Juice Hand Cream (Kırışıklık Karşıtı Besleyici Nemlendirici El Kremi) 30ml,221.00,155.00,102
8809782551814,,Cilt Bakımı,Round Lab,"Birch Juice Moisturizing Sunscreen (Nemlendirici, Aydınlatıcı Güneş Kremi) 50ml","1,210.00",847.00,10
8809875904459,,Cilt Bakımı,Round Lab,Moistruizng Sun Stick (Serinletici Ve Nemlendirici Yüksek Uv Korumalı Güneş Kremi) 19gr,"1,063.00",744.00,59
8809657115479,,Cilt Bakımı,Round Lab,1025 Dokdo Ampoule (Yorgun Ciltler için Yatıştırıcı ve Koruyucu Cilt Bakım Ampülü) 45ml,"1,176.00",823.00,10
8809738599044,,Cilt Bakımı,Round Lab,1025 Dokdo Bubble Foam (Sebum ve Ölü Hücre Temizleyici Etkili) 150ml,781.00,547.00,10
8809962542755,,Cilt Bakımı,Round Lab,1025 Dokdo Cleansing Balm (Geniş Gözenek Karşıtı Nemlendirici Deniz Sulu Temizlik Balmı) 100ml,"1,301.00",910.00,210
8809962541253,,Cilt Bakımı,Round Lab,1025 Dokdo Cleansing Tissue (Makyaj Temizleyici Mendil) ,322.00,226.00,108
8809657114632,,Cilt Bakımı,Round Lab,1025 Dokdo Cream (24 Boyunca Nem ve Hidrasyon Sağlayan Hyaluronik Asitli ve Seramidli Krem) 80ml,"1,451.00","1,015.00",349
8809738600245,,Cilt Bakımı,Round Lab,1025 Dokdo Eye Cream (Kırışıklık Karşıtı Aydınlatıcı Deniz Sulu Göz Kremi) 30ml,"1,129.00",790.00,10
8809657114779,,Cilt Bakımı,Round Lab,1025 Dokdo Lotion (Nemlendirici ve Bariyer Koruyucu Hyaluronik Asitli ve Mineralli Losyon) 200ml,"1,210.00",847.00,10
8809738604755,,Cilt Bakımı,Round Lab,1025 Dokdo Mud Pack (Geniş Gözenek ve Siyah Nokta Karşıtı Nemlendirici Mineralli Çamur Maskesi) 100ml,966.00,677.00,18
8809657129247,,Cilt Bakımı,Round Lab,1025 Dokdo Toner (Yoğun Nemlendirici ve Leke Karşıtı Deniz Suyu Toniği) 200ml,"1,514.00","1,060.00",152
8809783321966,,Cilt Bakımı,Round Lab,1025 Dokdo Cleanser (Deniz Sulu ve Seramidli Temizleyici Köpük) 150ml,919.00,643.00,10
8809738593110,,Cilt Bakımı,Round Lab,365 Derma Relief Sun Cream SPF50+/PA+++ (Yüz Güne Koruyucu Krem) 50ml,"1,360.00",952.00,83
8809962541284,,Bebek ve Çocuk Bakımı,Round Lab,Baby Mild Cream (Uzun Süre Nemlendirici ve Bariyer Koruyucu Organik Yulaf Özlü Krem) 200ml,"1,273.00",891.00,182
8809962541031,,Bebek ve Çocuk Bakımı,Round Lab,Baby Mild Sun Cushion (Non-Nano Mineral Filtreli Bariyer Koruyucu Organik Yulaflı Güneş Koruyucu Cushion) 16gr,998.00,699.00,195
8809962541048,,Bebek ve Çocuk Bakımı,Round Lab,Baby Mild Sun Stick (Non-Nano Mineral Filtreli Bariyer Koruyucu Organik Yulaflı Güneş Koruyucu Stick) 21gr,951.00,665.00,45
8809962540805,,Bebek ve Çocuk Bakımı,Round Lab,Baby Mild Sunscreen SPF50+ PA++++ (Bariyer Koruyucu ve Nemlendirici 5 Çeşit Seramidli Güneş Kremi) 60ml,"1,129.00",790.00,33
8809614958057,,Cilt Bakımı,Round Lab,Birch Juice Moisturizing Cleansing Pad (Serinletici ve Nemlendirici Huş Ağacı Sulu Arındırıcı Ped) 60'lı,998.00,699.00,17
8809962542489,,Makyaj,Round Lab,Birch Juice Moisturizing Lip Balm (Nemle Dolgun Tutan Kuruluk ve Çatlama Önleyici Parlatıcı Dudak Balmı) 20gr,"1,048.00",733.00,68
8809782558523,,Cilt Bakımı,Round Lab,Birch Juice Mild-Up Sunscreen (Cilt Tonu Eşitleyici ve Nemlendirici Huş Ağacı Özlü Mineral Güneş Kremi) 50ml,"1,210.00",847.00,524
8809614958712,,Cilt Bakımı,Round Lab,Birch Juice Moisturizing Pad (Yoğun Nemlendirici ve Pürüz & Siyah Nokta Karşıtı Huş Özlü Bakım Pedleri) 150gr (80'li),"1,304.00",913.00,3
8809638307701,,Cilt Bakımı,Round Lab,Birch Juice Moisturizing Soothing Gel (Serinletici Huş Özlü Nemlendirici Jel) 150ml,644.00,451.00,42
8809864769977,,Cilt Bakımı,Round Lab,Birch Juice Moisturizing Tone Up Sunscreen (Ton Eşitleyici Nemlendirici Güneş Kremi) 50ml,"1,210.00",847.00,534
8809738600214,,Cilt Bakımı,Round Lab,Birch Juice Moisturizing Toner (Nemlendirici ve Canlandırıcı Huş Özlü Tonik) 300ml,"1,129.00",790.00,7
8809738604762,,Cilt Bakımı,Round Lab,Birch Juice Moisturizing Wash Off Pack (Nemlendirici Etkili Temizleyici) 80ml,"1,113.00",779.00,24
8809962541246,,Cilt Bakımı,Round Lab,Birch Juice Moisturizing Cream (Uzun Süre Nemlendirici Komedon Karşıtı Huş Özlü Krem) 80ml,"1,000.00",700.00,24
8809962541239,,Cilt Bakımı,Round Lab,For Men Birch Juice Moisturizing Lotion (Erkeklere Özel Nemlendirici Etkili Losyon) 200ml,966.00,677.00,33
8809962541222,,Cilt Bakımı,Round Lab,For Men Birch Juice Moisturizing Toner (Erkeklere Özel Nemlendirici Etkili Tonik) 200ml,966.00,677.00,42
8809738593080,,Cilt Bakımı,Round Lab,Mugwort Calming Cleanser (Cildi Sakin Tutan Cilt pH Uyumlu Mugwort Özlü Temizleyici) 150ml,775.00,542.00,10
8809973860572,,Cilt Bakımı,Round Lab,Mugwort Calming Cream (Nem ve Hidrasyon Yükselten Kızarıklık Karşıtı Mugwortlu Krem) 80ml,"1,514.00","1,060.00",40
8809962542403,,Cilt Bakımı,Round Lab,Pine Calming Cica Sunscreen (UVA ve UVB Koruyucu Mavi Işık ve Kızılötesi Işın Engelleyici Güneş Kremi) 40ml,"1,127.00",789.00,40
8809962540690,,Cilt Bakımı,Round Lab,Vita Niacinamide Dark Spot Cream (Koyu Leke ve Geniş Gözenek Karşıtı Parlatıcı Krem) 50ml,"1,099.00",769.00,43
8809962540652,,Cilt Bakımı,Round Lab,Vita Niacinamide Dark Spot SERUM (Koyu Leke Karşıtı Parlatıcı Vitamin Serumu) 30ml,"1,028.00",719.00,39
8809875901120,,Cilt Bakımı,Round Lab,1025 Dokdo Cleansing Gel (Arındırma ve Besleyici Etkili Temizleme Jeli) 150ml,870.00,609.00,8
8809657115387,,Cilt Bakımı,Round Lab,1025 Dokdo Toner (Nemlendirici Etkili Tonik) 100ml,613.00,429.00,191
8809657114731,,Cilt Bakımı,Round Lab,1025 Dokdo Toner (Nemlendirici Etkili Tonik) 200ml,951.00,665.00,10
8809728081504,,Cilt Bakımı,IUNIK,Beta Glucan Power Moisture Serum,"1,280.00",896.00,10
8809728080927,,Cilt Bakımı,IUNIK,Beta Glucan 3X Barrier Cream,"1,398.00",979.00,10
8809728080064,,Cilt Bakımı,IUNIK,Centella Bubble Cleansing Foam,918.00,643.00,10
8809728081276,,Cilt Bakımı,IUNIK,Centella Relief Sorbet Cream (FOC),"1,398.00",979.00,191
8809728080934,,Cilt Bakımı,IUNIK,Calendula Balancing Foam Cleanser(FOC),878.00,615.00,180
8809728080118,,Cilt Bakımı,IUNIK,Centella Calming Gel Cream(FOC),"1,040.00",728.00,233
8809728080316,,Cilt Bakımı,IUNIK,Beta-Glucan Daily Moisture Cream,"1,040.00",728.00,115
8809728080255,,Cilt Bakımı,IUNIK,Calendula Complete Cleansing Oil 200 ml,"1,220.00",854.00,55
8809728080330,,Cilt Bakımı,IUNIK,Propolis Vitamin Eye Cream 30 ml,"1,098.00",769.00,198
8809728080392,,Cilt Bakımı,IUNIK,Propolis Vitamin Synergy Serum (Vitamin Serum),"1,280.00",896.00,120
8809447255071,,Cilt Bakımı,Dr. Althea,Pure Grinding Cleansing Balm (Suya Dayanıklı Makyaj ve Kirleri Arındıran Temizleyici Balm) 50ml,958.00,671.00,10
8809447255620,,Cilt Bakımı,Dr. Althea,Pore Refresh Grinding Cleansing Balm (Derin Gözenek Temizliği ve Nem Desteği Sağlayan Vegan Temizleme Balmı) 50ml,958.00,671.00,21
8809447254395,,Cilt Bakımı,Dr. Althea,To Be Youthfull Eye Serum (Göz Serumu) 25ml,798.00,559.00,108
8809447251394,Kore Trendleri,Cilt Bakımı,Dr. Althea,345 Relief Cream (Akne Sonrası Bakım Yapan Besleyici ve Nemlendirici Resveratrollü Krem) 50ml,"1,720.00","1,204.00",10
8809447255033,,Cilt Bakımı,Dr. Althea,15% Calamine Spot Powder (Lekeli Cilt ve Akne Sorunu Karşıtı Pudra) 15ml,738.00,517.00,10
8809447253824,,Cilt Bakımı,Dr. Althea,Soft Melting Lip Balm (Nemlendirici Etkili Dudak Kremi) 4gr,700.00,490.00,197
8806050299218,,Cilt Bakımı,Celimax,Derma Nature Fresh Blackhead Jojoba Cleansing Oil (Siyah Nokta Önleyici ve Sebumu Nazikçe Eriten 6 Bitkisel Yağ İçerikli Derinlemesine Temizleme Yağı) 150ml,900.00,630.00,2000
8809626564000,,Cilt Bakımı,Celimax,Derma Nature Glutathione Longlasting Tone-up (Aydınlatıcı Nemlendirici Yüz Kremi) 35ml,799.00,559.00,101
8809975194439,,Cilt Bakımı,Celimax,Derma Nature Relief Madecica pH Balancing Foam Cleansing (Dengeleyici Yüz Temizleme Köpüğü) 150ml,900.00,630.00,78
8809606850482,,Cilt Bakımı,Celimax,Dual Barrier Peptit Skin Boosting Serum (Hassas ve Kuru Ciltler İçin Bariyer Onarıcı Cilt Serumu) 30ml,"1,380.00",966.00,10
8809606850475,,Cilt Bakımı,Celimax,Dual Barrier Creamy Toner (Bariyer Güçlendirici Tonik) 150ml,"1,200.00",840.00,10
8809606850505,,Cilt Bakımı,Celimax,Dual Barrier Skin Wearable Krem (Hassas ve Kuru Ciltlere Bariyer Onarıcı Nemlendirici Yüz Kremi) 50ml,"1,438.00","1,006.00",10
8809686388172,,Cilt Bakımı,Celimax,Dual Barrier Watery Sun Cream (Hassas ve Kuru Ciltlere Bariyer Onarıcı Su Bazlı Güneş Kremi) 40ml,"1,140.00",798.00,124
8809875906811,,Cilt Bakımı,Celimax,Heart Pink Tone Up Sun Cream SPF50+ (Yatıştırıcı Güneş Kremi) 40ml,"1,061.00",743.00,10
8809463993889,,Cilt Bakımı,Celimax,Ji Woo Gae One Step Body Brightening Pad (Aydınlatıcı Etkili Ped) 110ml,900.00,630.00,13
8809783324097,,Cilt Bakımı,Celimax,Ji Woo Gae Cica BHA Acne Foam Cleansing (Akne Karşıtı Temizleyici Jel) 150ml,799.00,559.00,33
8809782559018,,Cilt Bakımı,Celimax,Oil Control Capsule Essence (Gözenek Sıkılaştırıcı Etkili) 30ml,"1,159.00",811.00,53
8809782559063,,Cilt Bakımı,Celimax,Oil Control Light Sunscreen SPF50+ (Yağlı Ciltler İçin Sebum Kontrolü Güneş Kremi) 40ml,"1,061.00",743.00,55
8809743546880,,Cilt Bakımı,Celimax,Oil Control Moisturizing Cream (Nemlendirici ve Matlaştırıcı Etkili Krem) 80ml,"1,380.00",966.00,39
8809743546330,,Cilt Bakımı,Celimax,Pore + Dark Spot Brightening Pad (Aydınlatıcı Etkili Ped) 2 Adet,"1,061.00",743.00,2000
8809743544626,,Cilt Bakımı,Celimax,The Real Cica Niacinamide AC Calming (Yatıştırıcı Cilt Serumu) 30ml,"1,361.00",953.00,48
8809463993223,,Cilt Bakımı,Celimax,The Real Noni Acne Bubble Cleanser (Hassas ve Akne Eğilimli Cilt için Temizleme Köpüğü),"1,061.00",743.00,10
8809626562921,,Cilt Bakımı,Celimax,Ji Woo Gae Baking Soda Deep Pore Foam Cleansing (Arındırıcı Yüz Temizleyici Köpük) 150ml,701.00,491.00,26
8809606852400,,Cilt Bakımı,Celimax,Dual Barrier Purifying Cleansing Balm (Tüm Cilt Tipleri İçin Hipoalerjenik Misel Formül) 50ml,"1,061.00",743.00,24
8809463992615,,Cilt Bakımı,Celimax,Ji Woo Gae Heartleaf BHA Peeling Pad (Yatıştırıcı Nemlendirici Etkili 60'lı Yüz Pedi),"1,080.00",756.00,9
8809783321225,,Cilt Bakımı,Celimax,Ji Woo Gae Cica BHA Blemish (Yağlı Ciltler İçin Arındırıcı 60'lı Toner Ped),"1,200.00",840.00,4
8809875907795,,Cilt Bakımı,Celimax,Noni II Ampoule (Canlandırıcı ve Yatıştırıcı Serum) 30ml,"1,361.00",953.00,10
8809971489911,,Cilt Bakımı,Celimax,Oil Control Mattifying Sun Stick (Akneye Eğilimli Ciltler İçin Güneş Koruyucu) 15gr,"1,061.00",743.00,343
8809971484503,,Cilt Bakımı,Celimax,Pore+Dark Spot Brightening (Aydınlatıcı Leke Karşıtı Yüz Kremi) 35ml,"1,181.00",827.00,386
8809875907413,,Cilt Bakımı,Celimax,Celimax Pore+Dark Spot Brightening (Aydınlatıcı Leke Karşıtı Cilt Serumu) 30ml,"1,279.00",895.00,15
8809606850499,,Cilt Bakımı,Celimax,Dual Barrier Mild Gel Cleanser (Hassas ve Kuru Ciltler İçin Nemlendirici Yüz Temizleyici Jel) 200ml,979.00,685.00,3
8809606850666,,Cilt Bakımı,Celimax,Noni Eye Cream (Vegan İçerikli Kolajen Etkili Göz Kremi) 20ml,"1,361.00",953.00,66
8806050298525,Kore Trendleri,Cilt Bakımı,Celimax,Jojoba Cleansing Oil (Siyah Nokta Ve Makyaj Temizleme Yağı) 150ml,900.00,630.00,248
8809971482318,,Cilt Bakımı,Celimax,The Real Noni Energy Ampoule (Yatıştırıcı Canlandırıcı Cilt Serumu) 50ml,"1,560.00","1,092.00",114
8809686386185,,Cilt Bakımı,Celimax,Noni Cream (Cildi Onarıcı ve Yatıştırıcı Etkili Nemlendirici Krem) 50ml,"1,519.00","1,063.00",148
8809954940477,,Cilt Bakımı,Celimax,Noni Mist (Yaşlanma Karşıtı Antioksidan ve Yatıştırıcı Yüz Misti) 50ml,"1,001.00",701.00,123
8809954940132,,Cilt Bakımı,Celimax,Noni Moisture Balancing Toner (Cilt Bariyerini Koruyucu & Besleyici %80 Noni Özü ve %5 Amino Asit İçerikli Dengeleyici Tonik) 150ml,"1,301.00",911.00,4
8809743546323,,Cilt Bakımı,Celimax,Pore + Dark Spot Brightening (Lekeli Ciltler İçin Aydınlatıcı 40'lı Toner Ped),"1,061.00",743.00,330
8809971489690,,Cilt Bakımı,Celimax,Pore+Dark Spot Brightening Care Sunscreen SPF50+ Mini (Leke Karşıtı Güneş Kremi),843.00,590.00,1097
8809971484510,,Cilt Bakımı,Celimax,Pore+Dark Spot Brightening Care Sunscreen SPF50+ (Leke Karşıtı Güneş Kremi) 50ml,"1,181.00",827.00,10
8809937361466,,Mask Bar,Biodance,Real Deep Mask (Radiant Vita Niacinamide (Koyu Leke Karşıtı Parlatıcı Şeffaflaşan Maske),378.00,265.00,10
8809937361473,,Mask Bar,Biodance,"Real Deep Mask * Refreshing Sea Kelp (Yoğun Sebum, Leke ve İz Karşıtı Yosunlu Şeffaflaşan Maske)",378.00,265.00,80
8809891183807,,Cilt Bakımı,Biodance,Collagen Cleansing Oil (Siyah Nokta Karşıtı Temizleyici Jel) 200ml,"1,298.00",909.00,35
8809937361206,,Cilt Bakımı,Biodance,Cera Nol Gel Toner Pads (Anında Nemlendirici ve Serinletici Buzul Sulu Jel Toner Ped) 60lı,"1,898.00","1,329.00",17
8809937361190,,Cilt Bakımı,Biodance,Collagen Gel Toner Pads (Geniş Gözenek Karşıtı Kolajen Sulu Jel Toner Ped) 60lı,"1,898.00","1,329.00",6
8809937361572,,Mask Bar,Biodance,Collagen Mask To Foam Cleanser (Gözenek Karşıtı Temizleyici) 150ml,"1,178.00",825.00,12
8809937360629,,Mask Bar,Biodance,Real Deep Mask Hydro Cera-Nol (Kızarıklık Karşıtı 5 Çeşit Seramidli Şeffaflaşan Maske),378.00,265.00,338
8809891183678,,Cilt Bakımı,Biodance,Sea Kelp Gel Toner Pads (Yatıştırıcı Etkili Toner Ped) 60lı,"1,898.00","1,329.00",17
8809891183685,,Cilt Bakımı,Biodance,Vita Niacinamide Gel Toner Pads (Cilt Tonu Eşitleyici Toner Ped),"1,898.00","1,329.00",7
8809937360834,,Mask Bar,Biodance,Real Deep Mask Bio-Collagen (Gözenek Karşıtı ve Parlatıcı Kolajenli Şeffaflaşan Maske),378.00,265.00,775
8809937360483,,Cilt Bakımı,Biodance,Micro Dual Serum Toner (Nemlendirici ve Arındırıcı Etkili Tonik) 150ml,"1,758.00","1,231.00",45
8809937361008,,Cilt Bakımı,Biodance,Soothing Barrier Cleansing Foam (Bariyer Onarıcı ve Cilt Arındırma Etkili Temizleme Köpüğü) 120ml,"1,698.00","1,189.00",13
8809486367872,,Cilt Bakımı,Banobagi,Alpha Radiance Melaclear Cream ( Aydınlatıcı Leke Bakım Nemlendirici Krem) 50ml,900.00,630.00,195
8809486362181,,Mask Bar,Banobagi,Anti-Oxidant Booster Mask (Canlı Görünüm Sağlayıcı ve Kırışıklık Karşıtı Maske) 10ml,189.00,132.00,1377
8809486368305,,Cilt Bakımı,Banobagi,Alpha Radiance 10 Hya Toner ( Aydınlatıcı Leke Bakım Tonik) 120ml,730.00,511.00,136
8809486364345,,Cilt Bakımı,Banobagi,Alpha Radiance Glow Serum ( Aydınlatıcı Leke Bakım Serum) 30ml,800.00,560.00,94
8809486368367,,Cilt Bakımı,Banobagi,Alpha Radiance Mild Peeling Foam ( Aydınlatıcı Leke Bakım Peeling) 120ml,580.00,406.00,7
8809486362327,,Mask Bar,Banobagi,Vita Genic Jelly Mask Relaxing (Yatıştırıcı ve Rahatlatıcı Maske) 10ml,95.00,67.00,10
8809486365960,,Cilt Bakımı,Banobagi,Milk Thistle Repair Foam Cleanser ( Hassas Ciltler için Onarıcı Köpük Temizleyici) 120ml,520.00,364.00,102
8809486367797,,Cilt Bakımı,Banobagi,PDRN 1000 Anti-aging Cream (Yaşlanma Karşıtı Krem) 50ml,"1,598.00","1,119.00",10
8809486367780,,Cilt Bakımı,Banobagi,PDRN 500 Lifting Ampoule (Yaşlanma Karşıtı Serum) 30ml,"1,500.00","1,050.00",10
8809486368343,,Mask Bar,Banobagi,PDRN Collagen Gel Mask (48 Saat Elastikiyet Koruyucu ve Besleyici Kolajenli Jel),400.00,280.00,10
8809486367742,,Mask Bar,Banobagi,DX Mask AC & AC Spot (Akne ve Skar Karşıtı Maske),189.00,132.00,1231
8809486367216,,Mask Bar,Banobagi,DX Mask Anti Sebum Pore (Sebum Kontrol Maske),189.00,132.00,2075
8809486367247,,Mask Bar,Banobagi,DX Mask Bright & Young (Cilt tonu Eşitleyici ve Gençleştirici Maske),189.00,132.00,1293
8809486367223,,Mask Bar,Banobagi,DX Caffeine Firming Ageless (Sıkılaştırıcı Yaşlanma Karşıtı Kafein Maske) 10ml,189.00,132.00,1225
8809486367723,Kore Trendleri,Mask Bar,Banobagi,Dx Mask Hya Aquaplex (Yatıştırıcı Nem Verici Maske),189.00,132.00,1321
8809486362051,,Mask Bar,Banobagi,Gold Propolis Booster Mask (Güçlendirici Yüz Maskesi),160.00,112.00,5000
8809486363270,,Cilt Bakımı,Banobagi,Heart Leaf 100 Essence (%100 Heart Leaf Esansı),950.00,665.00,16
8809486363195,,Cilt Bakımı,Banobagi,Milk Thistle  Plus SPF45 PA+++ (Onarıcı Cica Güneş Kremi) 50ml,792.00,554.00,203
8809486361269,,Cilt Bakımı,Banobagi, Milk Thistle Repair Cream (Bariyer Artırıcı Krem) 50ml,792.00,554.00,253
8809486362587,,Mask Bar,Banobagi,Milk Thistle Repair Mask (Onarıcı Kağıt Maske),95.00,67.00,1369
8809486361283,,Cilt Bakımı,Banobagi,Milk Thistle Repair Serum (Besleyici ve Yatıştırıcı Serum) 30ml,792.00,554.00,287
8809486361276,,Cilt Bakımı,Banobagi,Milk Thistle Repair Toner (Besleyici ve Yatıştırıcı Tonik) 200ml,730.00,511.00,141
8809486366158,,Mask Bar,Banobagi,Milk Thistle Repair Cica Quick Mask Plus (Hassas Ciltler İçin Onarıcı Maske) 30'lu,700.00,490.00,10
8809486362068,,Mask Bar,Banobagi,Silk Pearl Booster Mask ( Cam Cilt Etkili Işıltı Veren Maske),160.00,112.00,1680
8809486367896,,Mask Bar,Banobagi,Skin Booster Mask Brightening,189.00,132.00,27
8809486368817,,Mask Bar,Banobagi,Skin Booster Mask Firming,189.00,132.00,33
8809486367889,,Mask Bar,Banobagi,Skin Booster Mask Moisture,189.00,132.00,36
8809486368824,,Mask Bar,Banobagi,Skin Booster Mask Pore Care,189.00,132.00,45
8809486364192,,Mask Bar,Banobagi,Super Collagen Retinol Mask,189.00,132.00,9
8809486362921,,Mask Bar,Banobagi,Vita Cocktail Foil Mask Age,130.00,91.00,1899
8809486362914,,Mask Bar,Banobagi,Vita Cocktail Foil Mask Aqua,130.00,91.00,2000
8809486362938,,Mask Bar,Banobagi,Vita Cocktail Foil Mask Brightening,130.00,91.00,2000
8809486364369,,Mask Bar,Banobagi,Vita Genic Jelly Mask Brightening,95.00,67.00,2000
8809486361566,,Mask Bar,Banobagi,Vita Genic Jelly Mask Cica,95.00,67.00,2000
8809486362303,,Mask Bar,Banobagi,Vita Genic Jelly Mask Hydrating,95.00,67.00,2000
8809486362310,,Mask Bar,Banobagi,Vita Genic Jelly Mask Lifting,95.00,67.00,2000
8809486361573,,Mask Bar,Banobagi,Vita Genic Jelly Mask Pore Tightening,95.00,67.00,2000
8809486361580,,Mask Bar,Banobagi,Vita Genic Jelly Mask Vitalizing,95.00,67.00,2000
8809486362044,,Mask Bar,Banobagi,Water Glow Booster Mask,189.00,132.00,10
8809486362006,,Mask Bar,Banobagi,White Jade Booster Mask,189.00,132.00,1487
8809562191179,,Cilt Bakımı,Arencia,Black Tea Rice Mochi Cleanser,"1,180.00",826.00,22
8809562192268,,Cilt Bakımı,Arencia,Cloud Sun Stick,"1,240.00",868.00,10
8809562192145,,Cilt Bakımı,Arencia,Deep Water Surge Serum,"1,040.00",728.00,196
8809562192138,,Cilt Bakımı,Arencia,Deep Water Surge Serum 30,"1,380.00",966.00,107
8809562191070,,Cilt Bakımı,Arencia,Fresh Blue Hyssop Rice Mochi Cleanser,"1,180.00",826.00,92
8809562191735,,Cilt Bakımı,Arencia,Fresh Red Smoothie Serum 8,"1,280.00",896.00,121
8809562190745,,Cilt Bakımı,Arencia,Fresh Rosehip Rice Mochi Cleanser,"1,180.00",826.00,13
8809562191629,,Cilt Bakımı,Arencia,Holy Hyssop Serum 12,"1,280.00",896.00,168
8809562190820,,Cilt Bakımı,Arencia,Holy Hyssop Serum 30,"1,660.00","1,162.00",210
8809562191612,,Mask Bar,Arencia,Holy Hyssop Sheet Mask,196.00,137.00,434
8809562191674,,Cilt Bakımı,Arencia,Rice Mucin Cleanser,"1,180.00",826.00,19
8809562191743,,Cilt Bakımı,Arencia,Rice Mucin Glow Serum,"1,040.00",728.00,90
8809562191438,,Cilt Bakımı,Arencia,calendula rice mochi cleanser,"1,180.00",826.00,299
8809562190738,,Cilt Bakımı,Arencia,Fresh Green Rice Cleanser,"1,180.00",826.00,10
8809562191971,,Cilt Bakımı,Arencia,Green Tea + LHA Deep Pore Rice Cake Cleanser (Yağlı Ciltler İçin Temizleyici) 150ml,"1,298.00",909.00,10
8809640734861,,Cilt Bakımı,Anua,7 Rice Ceramide Hydrating Barrier Serum (Bariyer Onarıcı Etkili Serum) 50ml,"1,870.00","1,309.00",215
8809640731570,,Cilt Bakımı,Anua,Airy Sun Cream SPF50+ PA++++ (Centella ve Mugwort Özlü Toz Karşıtı Güneş Kremi) 50ml,"1,617.00","1,132.00",79
8809640737251,,Cilt Bakımı,Anua,3 Ceramide Panthenol Moisture Barrier Cream,"2,322.00","1,625.00",111
8809640735813,,Cilt Bakımı,Anua,8 Hyaluronic Acid Moisturizing Gentle Gel Cleanser,781.00,547.00,22
8809640738227,,Cilt Bakımı,Anua,Azelaic 10 Hyaluron Redness Soothing Pad (Kızarıklık Karşıtı Toner Pad),"1,548.00","1,084.00",262
8809640730276,,Cilt Bakımı,Anua,Cotton Pad For Toner,261.00,183.00,518
8809640738228,,Mask Bar,Anua,Heartleaf 80 Moisture Soothing Ampoule Mask,330.00,231.00,262
8809640738135,Kore Trendleri,Cilt Bakımı,Anua,PDRN Hyaluronic Acid 100 Moisturizing Cream,"2,070.00","1,449.00",237
8809640737763,,Mask Bar,Anua,PDRN Hyaluronic Acid Capsule 100 Serum Mask,261.00,183.00,190
8809640734021,,Mask Bar,Anua,Peach 70 Niacin Serum Mask,261.00,183.00,53
8809640734373,,Cilt Bakımı,Anua,Peach 77 Niacin Enriched Cream,"2,261.00","1,583.00",102
8809640735608,,Cilt Bakımı,Anua,Rice 70 Intensive Moisturizing Milk,"1,739.00","1,217.00",79
8809640736797,,Cilt Bakımı,Anua,Triple Acid Spot Care Microdart Patch,"1,096.00",767.00,58
8809640733628,,Mask Bar,Anua,Vitamin C Blemish Serum Mask,261.00,183.00,10
8809640731587,,Cilt Bakımı,Anua,Heartleaf 70% Intense Calming Cream (Yoğun Nemlendirici ve Bariyer Koruyucu Kalp Yaprağı Özlü Krem) 50ml,"2,452.00","1,717.00",17
8809640730290,,Mask Bar,Anua,Heartleaf 77% Soothing Sheet Mask (Nemlendirici Sebum Dengeleyici Kağıt Maske) 25ml,261.00,183.00,27
8800307370095,,Cilt Bakımı,Anua,Anua Peach Niacin Spread Cleansing Foam 150ml,984.00,689.00,85
8809640736650,,Cilt Bakımı,Anua,Ultra Thin Spot Cover Patch (Leke Önleyici Seramitli Sivilce Bantı) 75li,"1,096.00",767.00,132
8809640734519,,Cilt Bakımı,Anua,Bha 2% Gentle Exfoliating Toner (Siyah Nokta Karşıtı Seramidli Tonik) 150ml,"1,870.00","1,309.00",32
8809640731181,,Cilt Bakımı,Anua,Birch Moisture Boosting Serum 30ml,"1,739.00","1,217.00",119
8809640732188,,Cilt Bakımı,Anua,Birch Moisture Boosting Pad 160g 70 adet,"1,678.00","1,175.00",122
8809640731211,,Cilt Bakımı,Anua,Birch Moisture Boosting Toner 250ml,"1,357.00",950.00,98
8809640733055,,Cilt Bakımı,Anua,Green Lemon Vita C Serum Parlatıcı Vitamin C Serumu 20g,"2,513.00","1,759.00",93
8809640732799,,Cilt Bakımı,Anua,Heartleaf 70 Daily Lotion,"1,809.00","1,266.00",54
8809640730696,,Cilt Bakımı,Anua,Heartleaf 70% Intense Calming Cream Nemlendirici Kalp Yaprağı Özlü Krem 50ml,"2,261.00","1,583.00",30
8809640730559,,Cilt Bakımı,Anua,Heartleaf 77% Clear Pad Gözenek Ve Siyah Nokta Karşıtı Asitli Tonik Ped 160ml,"1,809.00","1,266.00",10
8809640730283,,Cilt Bakımı,Anua,Heartleaf 80% Moisture Ampoule Neme Doyuran Aydınlatıcı Konsantre Ampul 30ml,"2,131.00","1,491.00",97
8809640733666,,Kişisel Bakım,Anua,Heartleaf Lha Moisture Peeling Gel Geniş Gözenek Pütür Karşıtı Peeling Jeli 120ml,"1,165.00",816.00,10
8809640734281,,Mask Bar,Anua,ANUA Heartleaf Pore Clay Pack (Kil Maskesi) 100ml ,"1,165.00",816.00,1000
8809640735028,,Cilt Bakımı,Anua,Heartleaf Pore Control Cleansing Oil Mild Temizleyici Yağ 200ml,"1,300.00",910.00,96
8809640733185,,Cilt Bakımı,Anua,Heartleaf Silky Moisture Sun Cream Cildi Sakin Tutan Ipeksi Dokulu Güneş Kremi 50ml,"1,617.00","1,132.00",110
8809640733659,,Cilt Bakımı,Anua,Heartleaf Succinic Moisture Cleansing Foam Gözenek Akne Karşıtı Köpük Temizleyici 150ml,822.00,575.00,113
8809640735561,,Cilt Bakımı,Anua,Hydrating Gentle Foaming Cleanser Köpük Temizleyici 150ml,781.00,547.00,77
8809640733550,,Cilt Bakımı,Anua,Peach 70% Niacinamide Serum Leke Geniş Gözenek Karşıtı Parlatıcı Şeftali Özlü Serum 30ml,"1,739.00","1,217.00",108
8809640734342,,Cilt Bakımı,Anua,Peach 77% Niacin Conditioning Milk Yağlandırmadan Nemlendiren Şeftali Parlatıcı Süt 150ml,"1,739.00","1,217.00",125
8809640734359,,Cilt Bakımı,Anua,Peach 77% Niacin Essence Toner Ölü Deri Giderici Leke Karşıtı Şeftali Özlü Tonik 250ml,"1,617.00","1,132.00",243
8809640734595,,Cilt Bakımı,Anua,"Retinol 0.3% + Niacin Renewing Serum - Kırışıklık, Leke Karşıtı 8 çeşit Peptit, Retinollü Serum 30ml","2,513.00","1,759.00",100
8809640735455,,Cilt Bakımı,Anua,Rice 70 Glow Milky Toner Leke Karşıtı Parlatıcı Pirinçli Süt Dokulu Tonik 250ml,"1,617.00","1,132.00",157
8681371471433,,Cilt Bakımı,Jejudo,Original Pimple Patch,240.00,168.00,10
8809598150201,,Cilt Bakımı,Jejudo,Radiance Vita Bio Cream,780.00,546.00,10
8809598150171,,Cilt Bakımı,Jejudo,Collagen Tone Up Güneş Kremi,600.00,420.00,10
8809598150164,,Cilt Bakımı,Jejudo,Hyaluron Güneş Krem,600.00,420.00,10
8809598150607,,Mask Bar,Jejudo,Calendula Mask,96.00,67.00,10
8809598150300,,Mask Bar,Jejudo,Cica Mask,96.00,67.00,10
8809220800146,,Mask Bar,Mjcare,On Coenzyme Mask,95.00,67.00,2000
8809220800214,,Mask Bar,Mjcare,On Pearl Mask,95.00,67.00,0
8809220800160,,Mask Bar,Mjcare,On Aloe Mask,95.00,67.00,2000
8809220800184,,Mask Bar,Mjcare,On Hyaluronic Acid Mask,95.00,67.00,0
8809220800191,,Mask Bar,Mjcare,On Snail Mask,95.00,67.00,2000
8809220800221,,Mask Bar,Mjcare,On Vitamin Mask,95.00,67.00,2000
8809220800207,,Mask Bar,Mjcare,On Nar Maske,95.00,67.00,2000
8809220806100,,Mask Bar,Mjcare,Premium Foot Care Pack,150.00,105.00,5000
8809220805721,,Mask Bar,Mjcare,Çorap Tipi Ayak Peeling Maske,387.00,271.00,5000
8809220807961,,Mask Bar,Mjcare,Soyulan El Maskesi,295.00,207.00,0
8809220808470,,Mask Bar,Mjcare,Glow Collagen Melting Mask - Hydrojel Şeffaflaşan Eriyen Maske,295.00,207.00,0
8809220806803,,Mask Bar,Mjcare,Nose Pack,24.00,17.00,1000
8809220808685,,Cilt Bakımı,Mjcare,Body Peeling Pad,84.00,59.00,300
8809220804786,,Mask Bar,Mjcare,Deep Hydrating Lip Mask - Yoğun Nemlendirici Dudak Maskesi,112.00,79.00,5000
8809220804779,,Mask Bar,Mjcare,Revitalizing Hydration Eye Patch - Aydınlatıcı ve Nemlendirici Göz Maskesi,95.00,67.00,0
8809777440185,,Mask Bar,Bibimcos,Pore Clearing Clay Mask 100 ml - Gözenek Temizliğine Özel Kil Maskesi,680.00,476.00,200
8809071367300,,Cilt Bakımı,Bibimcos,Hottuynia Cordata Extract Toner 200 ml,520.00,364.00,1500
8809928230009,,Cilt Bakımı,Bibimcos,Enzyme Powder Wash 80gr,800.00,560.00,800
8809928230085,,Cilt Bakımı,Bibimcos,All-in-one Shooting Cream 50ml,380.00,266.00,0
8809928230108,,Cilt Bakımı,Bibimcos,Madeca Shower Filter - Cilt Nemlendirici ve Besleyici Duş Filtresi,608.00,426.00,500
8809928230160,,Cilt Bakımı,Bibimcos,AHA-BHA Facial Toner 200ml,532.00,372.00,1100
8809928230184,,Cilt Bakımı,Bibimcos,Black Head&Deep Pore Cleansing Oil 150ml,"1,060.00",742.00,250
8809928230306,,Cilt Bakımı,Bibimcos,Rice Extract Toner 150ml,902.00,632.00,1500
8809928230382,,Cilt Bakımı,Bibimcos,Centella Asiatica Extract Gel Cream 100ml- Cilt Yatıştırıcı ve Nemlendirici Jel- Krem,418.00,293.00,120
8809928230283,,Cilt Bakımı,Bibimcos,Cica Centella Pure Toner 200ml - Cilt Yatıştırıcı Tonik,418.00,293.00,3500
8809928230290,,Cilt Bakımı,Bibimcos,Cica Centella Repair Cream 50gr - Cilt Onarıcı ve Sakinleştirici Krem,418.00,293.00,180
8809928230429,,Kişisel Bakım,Bibimcos,Shower Filter Head,627.00,439.00,500
8809486680056,,Cilt Bakımı,Pkunkang Yul,Essence Toner (Yüz Nemlendirici Esans Tonik)  200 ml,"1,188.00",832.00,0
8809486680353,,Cilt Bakımı,Pkunkang Yul,Essence Toner (Yüz Nemlendirici Esans Tonik) 100 ml,828.00,580.00,0
8809486680018,,Cilt Bakımı,Pkunkang Yul,"Mist Toner (Cildi Nemlendiren ve Yenileyen Sprey Tonik) 200
 ml","1,188.00",832.00,0
8809486680001,,Cilt Bakımı,Pkunkang Yul,"Mist Toner (Cildi Nemlendiren ve Yenileyen Sprey Tonik) 100
 ml",720.00,504.00,0
8809486680087,,Cilt Bakımı,Pkunkang Yul,Nutrition Cream (Besleyici Cilt Bakım Kremi) 100 ml,"2,268.00","1,588.00",0
8809486680063,,Cilt Bakımı,Pkunkang Yul,Moisture Serum (Nemlendirici Cilt Bakım Serumu) 100 ml,"1,800.00","1,260.00",0
8809486680049,,Cilt Bakımı,Pkunkang Yul,Moisture Cream (Nemlendirici Cilt Bakım Kremi) 100 ml,"2,160.00","1,512.00",0
8809486680025,,Cilt Bakımı,Pkunkang Yul,Moisture Ampoule (Nemlendirici Cilt Bakım Ampulü) 100 ml,"1,908.00","1,336.00",0
8809486680162,,Cilt Bakımı,Pkunkang Yul,Balancing Gel (Dengeleyici ve Nemlendirici Yüz Jeli) 60 ml,"1,548.00","1,084.00",0
8809486681558,,Cilt Bakımı,Pkunkang Yul,Moisture Serum (Nemlendirici Cilt Serumu Mini Boy) 9 ml,360.00,252.00,0
8809486681329,,Cilt Bakımı,Pkunkang Yul,Essence Toner (Yüz Nemlendirici Esans Tonik) 30 ml,360.00,252.00,0
8809486681541,,Cilt Bakımı,Pkunkang Yul,Nutrition Cream (Besleyici Cilt Bakım Kremi) 20 ml,360.00,252.00,0
8809486680469,,Cilt Bakımı,Pkunkang Yul,Eye Cream (Göz Kremi) 1 ml x 50 adet,"2,394.00","1,676.00",0
8809486681268,,Cilt Bakımı,Pkunkang Yul,"Low pH Cleansing Water (Düşük pH’lı Yüz ve Makyaj
 Temizleme Suyu) 290 ml","1,188.00",832.00,0
8809486681206,,Mask Bar,Pkunkang Yul,"Highly Moisturizing Essence Mask Pack (Yoğun
 Nemlendirici Essanslı Yüz Maskesi) 10 adet","1,314.00",920.00,0
8809486680698,,Cilt Bakımı,Pkunkang Yul,Cleansing Foam (Yüz Temizleme Köpüğü) 150 ml,828.00,580.00,0
8809486680896,,Cilt Bakımı,Pkunkang Yul,"Low pH Pore Deep Cleansing Foam (Düşük pH'lı Gözenekleri
 Arındıran Yüz Temizleme Köpüğü) 100 ml",828.00,580.00,0
8809486681282,,Cilt Bakımı,Pkunkang Yul,"Deep Cleansing Oil 290ml (Derinlemesine Yüz Temizleme Yağı) 290
 ml","1,548.00","1,084.00",0
8809486681497,,Cilt Bakımı,Pkunkang Yul,"Deep Clear Cleansing Balm (Derinlemesine Yüz Temizleme
 Balmı) 100ml","1,314.00",920.00,0
8809486681343,,Cilt Bakımı,Pkunkang Yul,"Low pH Pore Deep Cleansing Foam (Düşük pH'lı Gözenekleri
 Arındıran Yüz Temizleme Köpüğü) 40 ml",360.00,252.00,0
8809486680360,,Cilt Bakımı,Pkunkang Yul,1/3 Cotton Pad (1/3 Pamuk Ped) 160 adet,360.00,252.00,0
8809486681466,,Mask Bar,Pkunkang Yul,Calming Mask Pack (Yatıştırıcı Yüz Maskesi) 10 adet,"1,440.00","1,008.00",0
8809486681244,,Cilt Bakımı,Pkunkang Yul,"Calming Moisture Barrier Cream 50ml - Cilt Bariyerini Onarmaya
 Yardımcı ve Yatıştırıcı Nemlendirici Krem 50 ml","1,080.00",756.00,0
8809486682999,,Cilt Bakımı,Pkunkang Yul,"Calming Moisture Nourishing Cream (Yatıştırıcı, Besleyici ve
 Nemlendirici Krem) 50 ml","1,080.00",756.00,0
8809486681961,,Cilt Bakımı,Pkunkang Yul,"Calming Moisture Mist (Yatıştırıcı ve Nemlendirici Sprey) 100
 ml",961.00,673.00,0
8809486682067,,Cilt Bakımı,Pkunkang Yul,"Calming Moisture Serum (Yatıştırıcı ve Nemlendirici Cilt Bakım
 Serumu) 30 ml","1,080.00",756.00,0
8809486681251,,Cilt Bakımı,Pkunkang Yul,"Calming Moisture Repair Balm (Cildi Yatıştırıcı ve Onarmaya
 Yardımcı Balm) 30 ml","1,080.00",756.00,0
8809486681664,,Cilt Bakımı,Pkunkang Yul,"Calming Low pH Foaming Cleanser (Yatıştırıcı Düşük pH'lı Yüz
 Temizleme Köpüğü) 150 ml",828.00,580.00,0
8809486682609,,Mask Bar,Pkunkang Yul,"Calming Pore Clear Wash Off Pack (Yatıştırıcı ve Gözenek
 Arındırıcı Yıkanabilir Yüz Maskesi) 100 g","1,548.00","1,084.00",0
8809486681480,,Cilt Bakımı,Pkunkang Yul,"Calming Deep Moisture Toner (Yatıştırıcı ve Derin Nemlendirici
 Tonik) 150 ml",961.00,673.00,0
8809486682869,,Cilt Bakımı,Pkunkang Yul,Calming Sun Cream 50ml - Yatıştırıcı Güneş Kremi 50 ml,"1,080.00",756.00,0
8809486681831,,Cilt Bakımı,Pkunkang Yul,Calming Toner Pad (Cildi Yatıştırıcı Tonik Ped),"1,440.00","1,008.00",0
8809486683934,,Cilt Bakımı,Pkunkang Yul,"Ultimate Calming Solution Toner (Yoğun Yatıştırıcı ve
 Nemlendirici Tonik) 110 ml","1,800.00","1,260.00",0
8809486683941,,Cilt Bakımı,Pkunkang Yul,"Ultimate Calming Solution Ampoule (Yoğun Yatıştırıcı ve
 Nemlendirici Ampul) 30 ml","1,800.00","1,260.00",0
8809486683958,,Cilt Bakımı,Pkunkang Yul,"Ultimate Calming Solution Cream (Yoğun Yatıştırıcı ve
 Nemlendirici Cilt Bakım Kremi) 30 ml","1,800.00","1,260.00",0
8809486684580,,Cilt Bakımı,Pkunkang Yul,"Get Ready Quick Clear Mist (Anında Canlandırıcı ve Yatıştırıcı
 Sprey) 15 ml","1,080.00",756.00,0
8809486683729,,Cilt Bakımı,Pkunkang Yul,"Brightening Vita Toner (Aydınlatıcı Etkili C
 Vitaminli Tonik) 150 ml","1,321.00",925.00,0
8809486683736,,Cilt Bakımı,Pkunkang Yul,"Brightening Blemish Care Serum (Aydınlatıcı Etkili
 ve Leke Karşıtı Cilt Bakım Serumu) 30 ml","1,321.00",925.00,0
8809486683712,,Cilt Bakımı,Pkunkang Yul,"Brightening Radiance Cream (Aydınlatıcı ve Işıltı Etkili
 Nemlendirici Krem) 50 ml","1,321.00",925.00,0
8809486684498,,Mask Bar,Pkunkang Yul,"Brightening Maskpack for Porcelain Skin (Aydınlatıcı ve
 Porselen Cilt Etkisi Sağlayan Yüz Maskesi) 10 adet","1,919.00","1,343.00",0
8809486680407,,Cilt Bakımı,Pkunkang Yul,"ATO Cream Blue Label (ATO Hassas Ciltler İçin Mavi Seri
 Nemlendirici Bakım Kremi) 120 ml","1,440.00","1,008.00",0
8809486681169,,Cilt Bakımı,Pkunkang Yul,"ATO Mild Sun Cream (ATO Hassas Ciltler İçin Yatıştırıcı Güneş
 Kremi) 75 ml","1,440.00","1,008.00",0
8809486680179,,Cilt Bakımı,Pkunkang Yul,"ATO Lotion Blue Label (ATO Hassas Ciltler İçin Mavi Seri Cilt
 Bakım Losyonu) 350 ml","1,800.00","1,260.00",0
8809486681930,,Cilt Bakımı,Pkunkang Yul,"ATO Lotion Blue Label (ATO Hassas Ciltler İçin Mavi Seri Cilt
 Bakım Losyonu) 500 ml","2,279.00","1,595.00",0
8809486680902,,Bebek ve Çocuk Bakımı,Pkunkang Yul,"ATO Nourishing Baby Oil (ATO Hassas Ciltler İçin Besleyici
 Bebek Yağı) 190 ml","1,321.00",925.00,0
8809486683828,,Cilt Bakımı,Pkunkang Yul,"ATO Low pH Moisture Body Wash (ATO Hassas Ciltler İçin
 Düşük pH'lı Vücut Temizleyici) 590 ml","1,440.00","1,008.00",0
8809486681473,,Cilt Bakımı,Pkunkang Yul,"Black Tea Time Reverse Eye Cream (Siyah Çay Özlü Yaşlanma
 Karşıtı Göz Kremi) 9 ml","2,268.00","1,588.00",0
8809486681657,,Mask Bar,Pkunkang Yul,"Black Tea Time Reverse Eye Patch (Siyah Çay Özlü
 Yaşlanma Karşıtı Göz Maskesi) 60 adet","2,520.00","1,764.00",0
8809486682265,,Cilt Bakımı,Pkunkang Yul,"Black Tea Deep Infusion Toner (Siyah Çay Özlü Yaşlanma
 Karşıtı Derinlemesine Etkili Yüz Tonik) 130 ml","2,988.00","2,092.00",0
8809486682272,,Cilt Bakımı,Pkunkang Yul,"Black Tea Boosting Serum (Siyah Çay Özlü Yaşlanma Karşıtı
 Güçlendirici Cilt Bakım Serumu) 45 ml",360.00,252.00,0
8809486682289,,Cilt Bakımı,Pkunkang Yul,"Black Tea Enriched Cream (Siyah Çay Özlü Zengin İçerikli
 Yaşlanma Karşıtı Nemlendirici Krem) 60 ml","1,908.00","1,336.00",0
8809486681114,,Cilt Bakımı,Pkunkang Yul,"Black Tea Time Reverse Eye Cream (Siyah Çay Özlü Yaşlanma
 Karşıtı Göz Kremi) 25 ml","1,314.00",920.00,0
8809486681701,,Mask Bar,Pkunkang Yul,"Black Tea Revitalizing Mask Pack (Siyah Çay Özlü Canlandırıcı ve
 Yaşlanma Karşıtı Yüz Maskesi) 10 adet","2,034.00","1,424.00",0
8809486680667,,Cilt Bakımı,Pkunkang Yul,ACNE Facial Cleanser (Akne Karşıtı Yüz Temizleyici) 120 ml,720.00,504.00,0
8809486680636,,Cilt Bakımı,Pkunkang Yul,ACNE Toner (Akne Karşıtı Tonik) 150 ml,839.00,587.00,0
8809486680650,,Cilt Bakımı,Pkunkang Yul,ACNE Cream (Akne Karşıtı Cilt Bakım Kremi) 50 ml,961.00,673.00,0
8809486681978,,Bebek ve Çocuk Bakımı,Pkunkang Yul,"Kids & Baby Cream (Bebek ve Çocuk Yüz Bakım
 Kremi) 400 ml","1,440.00","1,008.00",0
8809486681862,,Bebek ve Çocuk Bakımı,Pkunkang Yul,"Kids & Baby Face Lotion (Bebek ve Çocuk Yüz
 Losyonu) 200 ml","1,314.00",920.00,0
8809486681626,,Bebek ve Çocuk Bakımı,Pkunkang Yul,"Kids & Baby Lotion (Bebek ve Çocuk Vücut
 Losyonu) 590 ml","1,494.00","1,046.00",0
8809486681633,,Bebek ve Çocuk Bakımı,Pkunkang Yul,"Kids & Baby Wash (Bebek ve Çocuk Vücut
 Temizleyici) 590 ml","1,494.00","1,046.00",0
8809486681640,,Bebek ve Çocuk Bakımı,Pkunkang Yul,"Kids & Baby Shampoo (Bebek ve Çocuk
 Şampuanı) 590 ml","1,314.00",920.00,0
8809486683057,,Bebek ve Çocuk Bakımı,Pkunkang Yul,Kids & Baby Sun Cream (Bebek ve Çocuk Güneş Kremi) 75 ml,"1,260.00",882.00,0
8809487047896,,Kişisel Bakım,Nard,"ACNE Clear Body Wash (Sivilce ve Akne Karşıtı Vücut
 Temizleyici) 500 ml",510.00,357.00,0
8809487044284,,Kişisel Bakım,Nard,"Mild Ceramide Wash (Hassas Ciltler için Seramid İçerikli
 Vücut Temizleyicisi) 500 ml",810.00,567.00,0
8809487044062,,Kişisel Bakım,Nard,"Mild Ceramide Lotion (Hassas Ciltler için Seramid İçerikli
 Vücut Losyonu) 500 ml",900.00,630.00,330
8809487047148,,Kişisel Bakım,Nard,Hand Cream Lavender Musk (Lavanta Misk El Kremi) 50 ml x 2 adet,405.00,284.00,0
8809851346570,,Kişisel Bakım,Nard,"Foot Care Stick (Ayak Bakım Stick’i) 19 gr x 2
 adet",600.00,420.00,0
8809487045311,,Saç Bakımı,Nard,Body Wash Lavender Musk (Lavanta Misk Vücut Şampuanı) 500 ml,600.00,420.00,0
8809851346815,,Cilt Bakımı,Nard,"Perfect Shield Sun Stick (Stick Güneş
 Koruyucu SPF50+ PA++++) 22 gr",690.00,483.00,0
8809487044239,,Kişisel Bakım,Nard,"Moisture Hand Cream Lavender Musk (Lavanta Misk Özlü
 Nemlendirici El Kremi) 280 ml",525.00,368.00,0
8809487043157,,Saç Bakımı,Nard,"Styling Volume Spray (Saç Şekillendirici ve Hacimlendirici
 Sprey) 200 ml",600.00,420.00,0
8809487045083,,Saç Bakımı,Nard,"Hair Loss Control Shampoo Aroma Herb (Saç Dökülmesine
 Karşı Aroma Bitki Özlü Şampuan) 500 ml",600.00,420.00,270
8809487044406,,Saç Bakımı,Nard,"Professional Curling Essence (Profesyonel Bukle
 Belirginleştirici Saç Esansı) 150 ml",501.00,351.00,0
8809487043546,,Mask Bar,Nard,Intensive Hair Pack (Yoğun Saç Bakım Maskesi) 200 ml,600.00,420.00,0
8809487046585,,Saç Bakımı,Nard,"Black Seed Hair Loss Care Tonic (Çörek Otu Özlü Saç
 Dökülmesi Karşıtı Tonik) 200 ml x 2 adet",801.00,561.00,0
8809487046530,,Saç Bakımı,Nard,"Black Seed Hair Loss Care Shampoo (Çörek Otu Özlü Saç
 Dökülmesi Karşıtı Şampuan) 1L",990.00,693.00,0
8809851343838,,Saç Bakımı,Nard,"Caffeine Hair Loss Care Shampoo (Kafeinli Saç Dökülmesi
 Karşıtı Şampuan) 1L",900.00,630.00,0
8809487043522,,Saç Bakımı,Nard,"Hair Loss Control Tonic (Saç Dökülmesini Önleyici Tonik)
 200 ml",390.00,273.00,0
8809487042631,,Saç Bakımı,Nard,"Rich Argan Hair Essence Oil (Zengin Argan İçerikli Saç
 Bakım Yağı) 100 ml",600.00,420.00,0
8809487042495,,Saç Bakımı,Nard,Hair Plus Water Treatment (Su Bazlı Saç Kremi) 200 ml,600.00,420.00,0
8809851348420,Kore Trendleri,Saç Bakımı,Nard,Damage RX Treatment (Hasar Onarıcı Saç Kremi) 500ml,690.00,483.00,400
8809851348307,,Saç Bakımı,Nard,"Damage RX Intensive Treatment (Hasar Onarıcı Yoğun Bakım Saç
 Kremi) 180ml",600.00,420.00,0
8809851348871,,Saç Bakımı,Nard,"Damage RX Water Treatment (Damage RX Hasar Onarmaya
 Yardımcı Su Bazlı Saç Bakım Kremi) 150 ml",795.00,557.00,0
8809851348284,,Saç Bakımı,Nard,"Damage RX Hair Serum (Hasar Karşıtı Damage RX Saç
 Serumu) 70 ml",600.00,420.00,0
8809851348314,Kore Trendleri,Saç Bakımı,Nard,"Damage RX Curl Cream (Hasar Karşıtı Damage RX Bukle
 Saç Kremi) 100 ml",600.00,420.00,300
8809851347683,,Saç Bakımı,Nard,"Repairing Perfumed Treatment Fresh Lavender (Ferahlatıcı
 Lavanta Özlü Onarmaya Yardımcı Saç Bakım Kremi) 1L",795.00,557.00,0
8809851340776,,Saç Bakımı,Nard,"Cooling Hair Loss Care Shampoo 500ml (Saç Dökülmesine
 Karşı Serinletici Şampuan) 500 ml",600.00,420.00,0
8809851341391,,Saç Bakımı,Nard,"Argan Oil Damage Care Shampoo (Argan Yağı İçeren Hasar
 Görmüş Saçlara Özel Şampuan) 1,5L",930.00,651.00,0
8809851347669,,Saç Bakımı,Nard,"Refresh Perfumed Shampoo Fresh Lavender (Ferahlatıcı Taze
 Lavanta Saç Bakım Şampuanı) 1L",750.00,525.00,0
8809487049647,,Saç Bakımı,Nard,"Treatment Tangerine Eucalyptus (Mandalina & Okaliptüs
 Özlü Saç Kremi) 500 ml",600.00,420.00,0
8809487044079,Kore Trendleri,Cilt Bakımı,Nard,"Mild Deep Moisture Ceramide Cream (Hassas Ciltler için
 Seramid İçerikli Nemlendirici Krem) 160 ml",690.00,483.00,400
8809851344880,,Cilt Bakımı,Nard,"Charcoal Pore Vacuum Cleansing Foam (Kömür Özlü
 Gözenekleri Arındırıan Yüz Temizleme Köpüğü) 500 ml",690.00,483.00,0
8809851344903,,Cilt Bakımı,Nard,"Rice Bran Brightening Cleansing Foam (Pirinç Kepeği Özlü
 Aydınlatıcı Temizleme Köpüğü) 500 ml",600.00,420.00,0
8809851342244,,Mask Bar,Nard,"Tea Tree Calming Moisture Maskpack (Çay Ağacı Özlü
 Yatıştırıcı ve Nemlendirici Yüz Maskesi Paketi)","1,185.00",830.00,0
8809851343555,,Cilt Bakımı,Nard,"Low Molecule Hyaluronic Acid Toner (Düşük Moleküllü
 Hyaluronik Asit Tonik) 500 ml x 2",990.00,693.00,0
8809487046622,,Kişisel Bakım,Nard,"Mild Brightening Peeling Gel (Hassas Ciltler için Aydınlatıcı
 Arındırıcı Peeling Jel) 150 ml",600.00,420.00,0
8809851345764,,Cilt Bakımı,Nard,"Intensive Eyelash Serum (Yoğun Kirpik Güçlendirici
 Serum) 17 gr",390.00,273.00,0
8809851348437,,Cilt Bakımı,Medisure,RXcne 7-Day Terminate Toner (7 Günde Akneyi Azaltmaya Yardımcı Etkili Tonik) 150 ml,720.00,504.00,10
8809851349502,,Cilt Bakımı,Medisure,"RXcne Blemish Terminate Balm (Lekeyi ve Akneyi Azaltmaya
 Yardımcı Etkili Balm) 40 ml","1,080.00",756.00,10
8809487045120,,Saç Bakımı,Medisure,"Hair Loss Control Shampoo (Saç Dökülmesi Karşıtı Şampuan)
 1L","1,440.00","1,008.00",0
8809487045106,,Saç Bakımı,Medisure,"Hair Loss Control Treatment (Saç Dökülmesi Karşıtı Saç
 Bakım Kremi) 1L","1,080.00",756.00,0
8809851340684,,Makyaj,Bouquet Garni,"Blursome Velvet Tint #01 Cherry Addiction (Bouquet
 Garni Kiraz Kırmızısı Pürüzsüz Kadife Ruj)",450.00,315.00,0
8809851340691,,Makyaj,Bouquet Garni,"Blursome Velvet Tint #02 Red Vibe - 
 Çekici Kırmızı Pürüzsüz Kadife Ruj #02",450.00,315.00,0
8809851340707,,Makyaj,Bouquet Garni,"Blursome Velvet Tint #03 Chili Moment - 
 Ateşli Chili Pürüzsüz Kadife Ruj #03",450.00,315.00,0
8809851340714,,Makyaj,Bouquet Garni,"Blursome Velvet Tint #04 Ginger Brown - 
 Narin Kahve Tonu Pürüzsüz Kadife Ruj #04",450.00,315.00,0
8809851340721,,Makyaj,Bouquet Garni,"Blursome Velvet Tint #05 Sunset Coral - 
 Günbatımı Şeftali Rüyası Pürüzsüz Kadife Ruj #05",450.00,315.00,0
8809851340738,,Makyaj,Bouquet Garni,"Blursome Velvet Tint #06 Pink Muhly - 
 Muhly Pembesi Pürüzsüz Kadife Ruj #06",450.00,315.00,0
8809851346587,,Makyaj,Bouquet Garni,"Blursome Velvet Tint #07 More than Pink - Bouquet
 Garni Pembenin Asaleti Pürüzsüz Kadife Ruj #07",450.00,315.00,0
8809851346594,,Makyaj,Bouquet Garni,"Blursome Velvet Tint #08 Red Signal - 
 Kırmızı Bayrak Pürüzsüz Kadife Ruj #08",450.00,315.00,0
8809851346600,,Makyaj,Bouquet Garni,"Blursome Velvet Tint #09 Berry Plum - 
 Orman Meyvesi Mürdümü Pürüzsüz Kadife Ruj #09",450.00,315.00,0
8809851347027,,Makyaj,Bouquet Garni,"Glam Dew Tint #01 Peach Ade - Işıltılı
 Şeftali Parlak ve Dolgunlaştırıcı Ruj #01",450.00,315.00,0
8809851347034,,Makyaj,Bouquet Garni,"Glam Dew Tint #02 Coral Crush - 
 Parıldayan Mercan Parlak ve Dolgunlaştırıcı Ruj #02",450.00,315.00,0
8809851347058,,Makyaj,Bouquet Garni,"Glam Dew Tint #04 Rusty Chili - Sıcak
 Kızıl Işıltı Parlak ve Dolgunlaştırıcı Ruj #04",450.00,315.00,0
8809851347065,,Makyaj,Bouquet Garni,"Glam Dew Tint #05 Pink Potion - Işıltılı
 Pembe İksir Parlak ve Dolgunlaştırıcı Ruj #05",450.00,315.00,0
8809851347089,,Makyaj,Bouquet Garni,"Glam Dew Tint #07 Dusty Rose - Toz
 Pembe Gül Parlak ve Dolgunlaştırıcı Ruj #07",450.00,315.00,0
8809851347096,,Makyaj,Bouquet Garni,"Glam Dew Tint #08 Red Sangria - Kırmızı
 Sangria Işıltısı Parlak ve Dolgunlaştırıcı Ruj #08",450.00,315.00,0
8809851346372,,Makyaj,Bouquet Garni,"Auto Slim Eye Brow Pencil Dark Brown - 
 Koyu Kahve Otomatik İnce Kaş Kalemi",210.00,147.00,0
8809851346396,,Makyaj,Bouquet Garni,"Auto Slim Eye Brow Pencil Natural Brown - Bouquet
 Garni Doğal Kahve Otomatik İnce Kaş Kalemi",210.00,147.00,0
8809851346419,,Makyaj,Bouquet Garni,"Auto Slim Eye Brow Pencil Light Brown - 
 Açık Kahve Otomatik İnce Kaş Kalemi",210.00,147.00,0
8809851346259,,Makyaj,Bouquet Garni,"Edge Proof Pen Eyeliner Deep Black - 
 Edge Proof Dağılmayan Kömür Siyahı Keçe Uçlu Eyeliner",270.00,189.00,0
8809851346273,,Makyaj,Bouquet Garni,"Edge Proof Pen Eyeliner Deep Brown - 
 Edge Proof Dağılmayan Koyu Kahve Keçe Uçlu Eyeliner",285.00,200.00,0
8809487044444,,Makyaj,Bouquet Garni,"Sugar Body Scrub White Musk - Beyaz
 Misk Kokulu Şekerli Vücut Peelingi 500g","1,080.00",756.00,0
8809487042051,,Bebek ve Çocuk Bakımı,Bouquet Garni,"Fragranced Hair & Body Mist Baby Powder - Bouquet
 Garni Bebek Pudrası Kokulu Saç ve Vücut Spreyi 145 ml",414.00,290.00,0
8809851342763,,Kişisel Bakım,Bouquet Garni,"Fragranced Body Mist Wedding Bride - 
 Wedding Bride Parfümlü Vücut Spreyi 145 ml",414.00,290.00,0
8809487042167,,Bebek ve Çocuk Bakımı,Bouquet Garni,"Fragranced Hand Cream Baby Powder - 
 Bebek Pudrası Kokulu El Kremi 50 g",241.00,169.00,0
8809487040972,,Kişisel Bakım,Bouquet Garni,"Fragranced Hand Cream Cherry Blossom - Bouquet
 Garni Kiraz Çiçeği Kokulu El Kremi 50 g",288.00,202.00,0
8803463006396,,Cilt Bakımı,VT,Reti-A Reedle Shot 100 – Retinol Mikro İğne Bakım 50 ml,"3,119.00","2,183.00",0
8803463006143,,Mask Bar,VT,Cica Modeling Pack – Sakinleştirici Maske 25G,319.00,223.00,0
8803463007386,,Mask Bar,VT,Reti-A Reedle Shot & Hydrogel Mask / Gözenek Sıkılaştırıcı ve Pürüzsüzleştirici Retinol Maske,455.00,319.00,0
8809559624031,,Mask Bar,VT,Spot Patch / Cilt Koruyucu Sivilce Bandı - 48 Adet,455.00,319.00,0
8803463007416,,Mask Bar,VT,Collagen Reedle Shot 100 2 step Mask / Kolajen Reedle Shot 100 2 Aşamalı Sıkılaştırıcı Maske,455.00,319.00,0
8803463007379,,Mask Bar,VT,Hydrop Reedle Shot Aqua Hydrogel Mask / Hydrop Reedle Shot Aqua Hydrogel Mask,455.00,319.00,0
8803463007362,,Mask Bar,VT,Pro Cica Reedle Shot 100 2 Step Hydrogel Mask / Yoğun Yatıştırıcı ve Onarıcı Maske,455.00,319.00,0
8803463007409,,Mask Bar,VT,Vita-Light Reedle Shot 100 2 Step Hydrogel Mask / Vita-Light Işıltı Veren 2 Adımlı Maske,455.00,319.00,0
8806164159682,,Makyaj,The Seam,Sebum Kontrolü Sağlayan Tekli Toz Allık  Pumpkin Latte,639.00,447.00,0
8806164130902,,Makyaj,The Seam,Sebum Kontrolü Sağlayan Tekli Toz Allık  Selfie Orange,639.00,447.00,0
8806164172179,,Makyaj,The Seam,Sebum Kontrolü Sağlayan Tekli Toz Allık  Blueberry Milk,639.00,447.00,0
8806164174234,,Makyaj,The Seam,Sebum Kontrolü Sağlayan Tekli Toz Allık  Bae Pink,639.00,447.00,0
8806164134092,,Makyaj,The Seam,Sebum Kontrolü Sağlayan Tekli Toz Allık  Naked Brown ( Shading ),639.00,447.00,0
8806164132456,,Makyaj,The Seam,Sebum Kontrolü Sağlayan Tekli Toz Allık  Mandarine Kiss,639.00,447.00,0
8806164132470,,Makyaj,The Seam,Sebum Kontrolü Sağlayan Tekli Toz Allık  Orchid Rumor,639.00,447.00,0
8806164152225,,Makyaj,The Seam,Sebum Kontrolü Sağlayan Tekli Toz Allık  Sunshine Coral,639.00,447.00,0
8806164169797,,Makyaj,The Seam,Sebum Kontrolü Sağlayan Tekli Toz Allık  Mango Peach,639.00,447.00,0
8806164132449,,Makyaj,The Seam,Sebum Kontrolü Sağlayan Tekli Toz Allık  Bubblegum Pink,639.00,447.00,0
8806164155561,,Makyaj,The Seam,Sebum Kontrolü Sağlayan Tekli Toz Allık  Yogurt Pink,639.00,447.00,0
8806164132463,,Makyaj,The Seam,Sebum Kontrolü Sağlayan Tekli Toz Allık  Naked Peach,639.00,447.00,0
8806164147375,,Makyaj,The Seam,Sebum Kontrolü Sağlayan Tekli Toz Allık  Baby Coral,639.00,447.00,0
8806164155554,,Makyaj,The Seam,Sebum Kontrolü Sağlayan Tekli Toz Allık  Rose Ribbon,639.00,447.00,0
8806164130919,,Makyaj,The Seam,Sebum Kontrolü Sağlayan Tekli Toz Allık  Dragon Red,639.00,447.00,0
8806164166970,,Makyaj,The Seam,Sebum Kontrolü Sağlayan Tekli Toz Allık  Desert Peach,639.00,447.00,0
8806164174227,,Makyaj,The Seam,Sebum Kontrolü Sağlayan Tekli Toz Allık  Day Nude,639.00,447.00,0
8806164159675,,Makyaj,The Seam,Sebum Kontrolü Sağlayan Tekli Toz Allık  Persimmon Juice,639.00,447.00,0
8806164172186,,Makyaj,The Seam,Sebum Kontrolü Sağlayan Tekli Toz Allık  Pastel Rosy,639.00,447.00,0
8806164159705,,Makyaj,The Seam,Sebum Kontrolü Sağlayan Tekli Toz Allık  Cloudy Brown ( Shading ),639.00,447.00,0
8806164107997,,Makyaj,The Seam,Uzun Süre Kalıcı Likit Kapatıcı Cover Perfection Tip Concealer - Rich Beige 2,639.00,447.00,0
8806164136782,,Makyaj,The Seam,Uzun Süre Kalıcı Likit Kapatıcı Cover Perfection Tip Concealer - Brightener,639.00,447.00,0
8806164136799,,Makyaj,The Seam,Uzun Süre Kalıcı Likit Kapatıcı Cover Perfection Tip Concealer - Contour Beige,639.00,447.00,0
8806164166512,,Makyaj,The Seam,Uzun Süre Kalıcı Likit Kapatıcı Cover Perfection Tip Concealer - 2.75 Deep,639.00,447.00,0
8806164165270,,Makyaj,The Seam,Uzun Süre Kalıcı Likit Kapatıcı Cover Perfection Tip Concealer Green Beige,639.00,447.00,0
8806164136683,,Makyaj,The Seam,Saemmul Wood Doğal Görünüm Sunan Kaş Kalemi - Gray Brown,207.00,145.00,0
8806164136706,,Makyaj,The Seam,Saemmul Wood Doğal Görünüm Sunan Kaş Kalemi - Black,207.00,145.00,0
8806164136676,,Makyaj,The Seam,Saemmul Wood Doğal Görünüm Sunan Kaş Kalemi - Brown,207.00,145.00,0
8806164136690,,Makyaj,The Seam,Saemmul Wood Doğal Görünüm Sunan Kaş Kalemi - Black Brown,207.00,145.00,0
8806164154830,,Makyaj,The Seam,Saemmul Artlook Doğal Görünüm Sunan Açılı Kaş Kalemi - Gray Brown,239.00,167.00,0
8806164161715,,Makyaj,The Seam,Saemmul Artlook Doğal Görünüm Sunan Açılı Kaş Kalemi - Ash Brown,239.00,167.00,0
8806164154816,,Makyaj,The Seam,Saemmul Artlook Doğal Görünüm Sunan Açılı Kaş Kalemi - Brown,239.00,167.00,0
8806164154823,,Makyaj,The Seam,Saemmul Artlook Doğal Görünüm Sunan Açılı Kaş Kalemi - Deep Brown,239.00,167.00,0
8806164151273,,Makyaj,The Seam,Saemmul Mousse Candy Nem Sağlayan Köpük Yapılı Tint 10 gr - Dark Cherry Mousse,535.00,375.00,0
8806164146415,,Makyaj,The Seam,Saemmul Mousse Candy Nem Sağlayan Köpük Yapılı Tint 10 gr - Strawberry Mousse,535.00,375.00,0
8806164151297,,Makyaj,The Seam,Saemmul Mousse Candy Nem Sağlayan Köpük Yapılı Tint 10 gr - Peanut Mousse,535.00,375.00,0
8806164151266,,Makyaj,The Seam,Saemmul Mousse Candy Nem Sağlayan Köpük Yapılı Tint 10 gr - Chaitea Mousse,535.00,375.00,0
8806164146439,,Makyaj,The Seam,Saemmul Mousse Candy Nem Sağlayan Köpük Yapılı Tint 10 gr - Grapefruit Mousse,535.00,375.00,0
8806164146408,,Makyaj,The Seam,Saemmul Mousse Candy Nem Sağlayan Köpük Yapılı Tint 10 gr - Redmango Mousse,535.00,375.00,0
8806164154717,,Makyaj,The Seam,Saemmul Mousse Candy Nem Sağlayan Köpük Yapılı Tint 10 gr - Apple Mousse,535.00,375.00,0
8806164172377,,Cilt Bakımı,The Seam,Eco Earth Suya Dayanıklı Yüz & Vücut Güneş Kremi SPF 50+ PA++++ 100 gr,"1,247.00",873.00,0
8806164176986,,Cilt Bakımı,The Seam,Eco Earth Hafif Yapılı Güneş Kremi - Light Sun Cream SPF 50+ ve PA++++ 50 gr,775.00,543.00,0
8806164177129,,Cilt Bakımı,The Seam,Eco Earth Cica Özlü Sakinleştirici Etkili Güneş Kremi - Cica Sun Cream SPF 50+ PA++++ 50 gr,775.00,543.00,0
8806164175743,,Cilt Bakımı,The Seam,Eco Earth Ton Dengeleyici Işıltı Veren Güneş Kremi - Pembe Pink Sun Cream SPF 50+ PA++++ 50 gr,775.00,543.00,0
8806164171974,,Cilt Bakımı,The Seam,Eco Earth Suya Dayanıklı Güneş Kremi SPF 50+ PA++++ 50 gr,"1,167.00",817.00,0
8806164141663,,Cilt Bakımı,The Seam,Iceland Hydrating Göz Çevresi İçin Nemlendirici Stick 7 gr,615.00,431.00,0
8806164148990,,Makyaj,The Seam,Saemmul 3D Slim Üç Boyutlu Ultra İnce Rimel - Siyah,583.00,408.00,0
8806164164297,,Makyaj,The Seam,Dolgun Görünüm Sağlayan Nemlendirici Dudak Yağı Eco Soul Lip Oil - Berry 6 ml,623.00,436.00,0
8806164160749,,Makyaj,The Seam,Saemmul Perfect Pore BB Krem SPF30 PA++ Light Beige 30 ml,583.00,408.00,0
8806164160879,,Makyaj,The Seam,Saemmul Airy Cotton Hafif Yapılı Mat Bitişli Fondöten - Natural Beige 30 ml,623.00,436.00,0
8806164160862,,Makyaj,The Seam,Saemmul Airy Cotton Hafif Yapılı Mat Bitişli Fondöten - Light Beige 30 ml,623.00,436.00,0
8806164179048,,Cilt Bakımı,The Seam,Urban Eco Golden Berry C Leke Karşıtı Tonik Paketi 230 ml,"2,183.00","1,528.00",0
8806164170731,,Makyaj,The Seam,Manuka Balı ve Yulaf Ezmesi Özü İçeren Dudak Bakım Kremi 10 ml,471.00,330.00,0
8806164170779,,Makyaj,The Seam,Manuka Balı ve Yulaf Ezmesi Özü İçeren Dudak Peelingi 7 ml,471.00,330.00,0
8806164147269,,Makyaj,The Seam,Saemmul Jelly Candy Nem Sağlayan Parlak Görünümlü Tint - 01 Pomegranate,471.00,330.00,0
8806164143810,,Makyaj,The Seam,Saemmul Water Candy Tint - Nem Sağlayan Parlak Görünümlü Tint - Apple 10 gr,447.00,313.00,0
8806164143841,,Makyaj,The Seam,Saemmul Water Candy Tint - Nem Sağlayan Parlak Görünümlü Tint Watermelon 10 gr,447.00,313.00,0
8806164143827,,Makyaj,The Seam,Saemmul Water Candy Tint - Nem Sağlayan Parlak Görünümlü Tint Redmango 10 gr,447.00,313.00,0
8806164143803,,Makyaj,The Seam,Saemmul Water Candy Tint - Nem Sağlayan Parlak Görünümlü Tint Cherry 10 gr,447.00,313.00,0
8806164149027,,Makyaj,The Seam,Uzun Süre Kalıcı Süper İnce Eyeliner - Teddy Brown,623.00,436.00,0
8806164149003,,Makyaj,The Seam,Uzun Süre Kalıcı Süper İnce Eyeliner - Black,623.00,436.00,0
8806164149072,,Makyaj,The Seam,Uzun Süre Kalıcı Süper İnce Eyeliner - Choco Brown,623.00,436.00,0
8806164155578,,Makyaj,The Seam,Uzun Süre Kalıcı Süper İnce Eyeliner - Ash Black,623.00,436.00,0
8806164179833,,Makyaj,The Seam,Cover Perfection Triple Pot 3'lü Kontür Paleti - 02 Contour Beige,935.00,655.00,0
8806164178300,,Makyaj,The Seam,"Vegan Cover Perfection Sebum Kontrolü Sağlayan Kapatıcı Etkili Cushion 1,5 Natural Beige SPF50+ PA++++ (İç Yedeği ile Beraber Set) 12 gr","2,407.00","1,685.00",0
8806164184080,,Makyaj,The Seam,Jelly Blusher - Jel Allık - OR01 Dazzling Orange,759.00,531.00,0
8806164184127,,Makyaj,The Seam,Jelly Blusher - Jel Allık - PK01 Sweet Petal,759.00,531.00,0
8806164184110,,Makyaj,The Seam,Jelly Blusher - Jel Allık - PP01 Milky Mauve,759.00,531.00,0
8806164184134,,Makyaj,The Seam,Jelly Blusher - Jel Allık - CR01 Peach Crush,759.00,531.00,0
8806164184103,,Makyaj,The Seam,Jelly Blusher - Jel Allık - PK02 Scarlet Pink,759.00,531.00,0
8806164184097,,Makyaj,The Seam,Jelly Blusher - Jel Allık - PP02 Baby Lavender,759.00,531.00,0
8806164183694,,Makyaj,The Seam,Saemmy's Syrup Shot Melting Balm / Nemlendirici ve Parlatıcı Etkili Dudak Balmı - 02 Peach Coat,"1,079.00",755.00,0
8806164183717,,Makyaj,The Seam,Saemmy's Syrup Shot Melting Balm / Nemlendirici ve Parlatıcı Etkili Dudak Balmı - 04 Grape Jam,"1,079.00",755.00,0
8806164183724,,Makyaj,The Seam,Saemmy's Syrup Shot Melting Balm / Nemlendirici ve Parlatıcı Etkili Dudak Balmı - 05 Fig Muhly,"1,079.00",755.00,0
8806164183779,,Makyaj,The Seam,Saemmy's Ade Shot Tint - Buzlu Cam Görünümlü Tint - 01 Grapefruit honey,807.00,565.00,0
8806164183786,,Makyaj,The Seam,Saemmy's Ade Shot Tint - Buzlu Cam Görünümlü Tint - 02 Peach Oolong,807.00,565.00,0
8806164183793,,Makyaj,The Seam,Saemmy's Ade Shot Tint - Buzlu Cam Görünümlü Tint - 03 Lychee Chamomile,807.00,565.00,0
8806164161753,,Makyaj,The Seam,Eco Soul Pencil & Powder Dual/ 2’si 1 Arada Kaş Kalemi - 04 Medium Brown,551.00,386.00,0
8806164167373,,Makyaj,The Seam,Kissholic Lipstick Intense/ Yoğun Pigmentli Parlak Kalıcı Ruj - PK09 Blooming Pansy,"1,015.00",711.00,0
8806164167427,,Makyaj,The Seam,Kissholic Lipstick Intense/ Yoğun Pigmentli Parlak Kalıcı Ruj - OR05 Dry Orange,"1,015.00",711.00,0
8806164167298,,Makyaj,The Seam,Kissholic Lipstick Intense/ Yoğun Pigmentli Parlak Kalıcı Ruj - BE06 Desert Sand,"1,015.00",711.00,0
8806164167168,,Makyaj,The Seam,Kissholic Lipstick Matte/ Uzun Süre Dayanıklı Kadife Bitişli Mat Ruj - PK07 Specially Pink,"1,015.00",711.00,0
8806164167151,,Makyaj,The Seam,Kissholic Lipstick Matte/ Uzun Süre Dayanıklı Kadife Bitişli Mat Ruj - PK04 My Lady,"1,015.00",711.00,0
8806164167229,,Makyaj,The Seam,Kissholic Lipstick Matte/ Uzun Süre Dayanıklı Kadife Bitişli Mat Ruj - OR04 Grapefruit Blended,"1,015.00",711.00,0
8806164167144,,Makyaj,The Seam,Kissholic Lipstick Matte/ Uzun Süre Dayanıklı Kadife Bitişli Mat Ruj - CR07 Naked Coral,"1,015.00",711.00,0
8806164160763,,Makyaj,The Seam,Saemmul Perfect Pore Primer/ Tüm Ciltler İçin Uygun Mineral İçerikli Primer,623.00,436.00,0
8806164182451,,Makyaj,The Seam,Perfect Glam Stick Blusher/ Doğal Görünüm Veren Stick Allık - PK01 Pink Fairy,935.00,655.00,0
8806164182475,,Makyaj,The Seam,Perfect Glam Stick Blusher/ Doğal Görünüm Veren Stick Allık - WH01 Aurora Wave,935.00,655.00,0
8806164185148,,Makyaj,The Seam,Iceland Hydrating Peptide Eye Stick / Göz Çevresi ve Dudak için Peptid Nemlendirici Stick,615.00,431.00,0
8806164185506,,Makyaj,The Seam,Saemmul Candy Syrup Gloss - Dudakları Dolgunlaştıran Lip Gloss - 01 Guava Syrup,887.00,621.00,0
8806164185513,,Makyaj,The Seam,Saemmul Candy Syrup Gloss - Dudakları Dolgunlaştıran Lip Gloss - 02 Cherry Syrup,887.00,621.00,0
8806164185520,,Makyaj,The Seam,Saemmul Candy Syrup Gloss - Dudakları Dolgunlaştıran Lip Gloss - 03 Mulberry Syrup,887.00,621.00,0
8806164184875,,Makyaj,The Seam,"Saemmy's Crema Velvet Tint - Kadife Bitişli, Doğal Görünüm ve Yoğun Renk Sunan Tint - 01 Caramel Whip",887.00,621.00,0
8806164184882,,Makyaj,The Seam,"Saemmy's Crema Velvet Tint - Kadife Bitişli, Doğal Görünüm ve Yoğun Renk Sunan Tint - 02 Rose Presso",887.00,621.00,0
8806164184899,,Makyaj,The Seam,"Saemmy's Crema Velvet Tint - Kadife Bitişli, Doğal Görünüm ve Yoğun Renk Sunan Tint - 03 Peach Brew",887.00,621.00,0
8806164184905,,Makyaj,The Seam,"Saemmy's Crema Velvet Tint - Kadife Bitişli, Doğal Görünüm ve Yoğun Renk Sunan Tint - 04 Apple Bianco",887.00,621.00,0
8806164184912,,Makyaj,The Seam,"Saemmy's Crema Velvet Tint - Kadife Bitişli, Doğal Görünüm ve Yoğun Renk Sunan Tint - 05 Berry Foam",887.00,621.00,0
8806164184929,,Makyaj,The Seam,"Saemmy's Crema Velvet Tint - Kadife Bitişli, Doğal Görünüm ve Yoğun Renk Sunan Tint - 06 Cherry Topping",887.00,621.00,0
8806164184240,,Cilt Bakımı,The Seam,Urban Eco Golden Berry C Toning Water 160 ml,"1,871.00","1,310.00",0
8806164182093,,Cilt Bakımı,The Seam,Urban Eco Golden Berry C Ampoule 50 ml,"2,959.00","2,071.00",0
8806164181881,,Cilt Bakımı,The Seam,Urban Eco Golden Berry C Cleansing Foam 150 ml,935.00,655.00,0
8806164181911,,Makyaj,The Seam,Cover Perfection Triple Pot 3'lü Kapatıcı Paleti - 04 Tone Up Beige,935.00,655.00,0
8806164184646,,Makyaj,The Seam,Cover Perfection Triple Pot 3'lü Kapatıcı Paleti - 05 Dark Up Beige,935.00,655.00,0
8806164171981,,Cilt Bakımı,The Seam,Eco Earth Suya Dayanıklı Güneş Koruyucu Waterproof Sun Stick SPF 50+ ve PA++++ Makyaj Altı ve Üstü 17 gr,959.00,671.00,0
8806164164280,,Makyaj,The Seam,Eco Soul Dolgun Görünüm Sağlayan Nemlendirici Dudak Yağı - Honey 6 ml,623.00,436.00,0
8806164125731,,Cilt Bakımı,The Seam,Baobab Ağacı Özü ve Kolajen İçeren Nemlendirici Sıkılaştırıcı Krem 100 ml,807.00,565.00,0
8806164175057,,Cilt Bakımı,The Seam,Artemisia İçeren Yatıştırıcı ve Nemlendirici Krem - Artemisia Steam Cream 100 ml,807.00,565.00,0
8806164174166,,Cilt Bakımı,The Seam,Eco Earth Güneş Koruyucu Aqua Sun Stick SPF50+ PA++++ Makyaj Altı ve Üstü 22 gr,959.00,671.00,0
8806164183519,,Makyaj,The Seam,Drop Be Colors Cover Pick Foundation /Tüm Ciltlere Özel Yüksek Kapatıcılık Özellikli Fondöten- 1.5 Natural Beige,791.00,554.00,0
8806164183588,,Makyaj,The Seam,Eco Soul Shine Lip Gloss/Işıltılı Dudak Parlatıcısı - PK01 Sugar Pink,799.00,559.00,0
8806164183571,,Makyaj,The Seam,Eco Soul Shine Lip Gloss/Işıltılı Dudak Parlatıcısı - CR01 Coral Nectar,799.00,559.00,0
8806164156353,,Kişisel Bakım,The Seam,Care Plus Silgi Vücut Peeling Spreyi 300 ml,719.00,503.00,0
8809393728001,,Makyaj,Lilybyred,"Glassy Layer Fixing Tint / Parlak, Uzun Süre Kalıcı Tint - 01 Cheeky Peach","1,015.00",711.00,0
8809393728025,,Makyaj,Lilybyred,"Glassy Layer Fixing Tint / Parlak, Uzun Süre Kalıcı Tint - 02 Berry Kitsch","1,015.00",711.00,0
8809716940004,,Makyaj,Lilybyred,"Glassy Layer Fixing Tint / Parlak, Uzun Süre Kalıcı Tint - 03 Kill Me Plum","1,015.00",711.00,0
8809393727998,,Makyaj,Lilybyred,"Glassy Layer Fixing Tint / Parlak, Uzun Süre Kalıcı Tint - 04 Lively Nude","1,015.00",711.00,0
8809716941216,,Makyaj,Lilybyred,"Glassy Layer Fixing Tint / Parlak, Uzun Süre Kalıcı Tint - 06 Rosy Rose","1,015.00",711.00,0
8809393729381,,Makyaj,Lilybyred,"Glassy Layer Fixing Tint / Parlak, Uzun Süre Kalıcı Tint - 09 Youth Chili","1,015.00",711.00,0
8809716940042,,Makyaj,Lilybyred,"Glassy Layer Fixing Tint / Parlak, Uzun Süre Kalıcı Tint - 10 Dear Mouve","1,015.00",711.00,0
8809716940271,,Makyaj,Lilybyred,"Glassy Layer Fixing Tint / Parlak, Uzun Süre Kalıcı Tint - 11 Pear Play","1,015.00",711.00,0
8809716940295,,Makyaj,Lilybyred,"Glassy Layer Fixing Tint / Parlak, Uzun Süre Kalıcı Tint - 13 Lychee Coin","1,015.00",711.00,0
8809716941834,,Makyaj,Lilybyred,"Glassy Layer Fixing Tint / Parlak, Uzun Süre Kalıcı Tint - 14 Slushed Pink","1,015.00",711.00,0
8809716942459,,Makyaj,Lilybyred,Mood Liar Velvet Tint / Kadife Bitişli Mat Tint - 01 Pure Apricot,"1,015.00",711.00,0
8809716942466,,Makyaj,Lilybyred,Mood Liar Velvet Tint / Kadife Bitişli Mat Tint - 02 Unpretentious Lychee,"1,015.00",711.00,0
8809716942473,,Makyaj,Lilybyred,Mood Liar Velvet Tint / Kadife Bitişli Mat Tint - 03 Merciless Grape,"1,015.00",711.00,0
8809716942480,,Makyaj,Lilybyred,Mood Liar Velvet Tint / Kadife Bitişli Mat Tint - 04 Elegant Wild Berry,"1,015.00",711.00,0
8809716942497,,Makyaj,Lilybyred,Mood Liar Velvet Tint / Kadife Bitişli Mat Tint - 05 Immature Cherry,"1,015.00",711.00,0
8809716942503,,Makyaj,Lilybyred,Mood Liar Velvet Tint / Kadife Bitişli Mat Tint - 06 Innocent Apple,"1,015.00",711.00,0
8809716942510,,Makyaj,Lilybyred,Mood Liar Velvet Tint / Kadife Bitişli Mat Tint - 07 Clam Fig,"1,015.00",711.00,0
8809716942527,,Makyaj,Lilybyred,Mood Liar Velvet Tint / Kadife Bitişli Mat Tint - 08 Mellow Soft Persimmon,"1,015.00",711.00,0
8809716942060,,Makyaj,Lilybyred,Bloody Liar Coating Tint / Uzun Süre Kalıcı Parlak Dudak Tinti - 01 Soft Apricot,"1,015.00",711.00,0
8809716942084,,Makyaj,Lilybyred,Bloody Liar Coating Tint / Uzun Süre Kalıcı Parlak Dudak Tinti - 03 Clever Mangapple,"1,015.00",711.00,0
8809716942091,,Makyaj,Lilybyred,Bloody Liar Coating Tint / Uzun Süre Kalıcı Parlak Dudak Tinti - 04 Shy Peach,"1,015.00",711.00,0
8809716942107,,Makyaj,Lilybyred,Bloody Liar Coating Tint / Uzun Süre Kalıcı Parlak Dudak Tinti - 05 Talented Peach,"1,015.00",711.00,0
8809716942114,,Makyaj,Lilybyred,Bloody Liar Coating Tint / Uzun Süre Kalıcı Parlak Dudak Tinti - 06 Rosy Strawberry,"1,015.00",711.00,0
8809716942121,,Makyaj,Lilybyred,Bloody Liar Coating Tint / Uzun Süre Kalıcı Parlak Dudak Tinti - 07 Daring Cherry,"1,015.00",711.00,0
8809716942138,,Makyaj,Lilybyred,Bloody Liar Coating Tint / Uzun Süre Kalıcı Parlak Dudak Tinti - 08 Confident Cherry Tomato,"1,015.00",711.00,0
8809716943067,,Makyaj,Lilybyred,Bloody Liar Coating Tint / Uzun Süre Kalıcı Parlak Dudak Tinti - 13 Fizzy Podo Bubble Gum,"1,015.00",711.00,0
8809716942176,,Makyaj,Lilybyred,Juicy Liar Water Tint / Uzun Süre Kalıcı Parlak Nemli Görünüm Sağlayan Dudak Tinti - 01 Guava Mojito,"1,015.00",711.00,0
8809716942183,,Makyaj,Lilybyred,Juicy Liar Water Tint / Uzun Süre Kalıcı Parlak Nemli Görünüm Sağlayan Dudak Tinti - 02 Cherry Crush,"1,015.00",711.00,0
8809716942190,,Makyaj,Lilybyred,Juicy Liar Water Tint / Uzun Süre Kalıcı Parlak Nemli Görünüm Sağlayan Dudak Tinti - 03 Plum Martini,"1,015.00",711.00,0
8809716942213,,Makyaj,Lilybyred,Juicy Liar Water Tint / Uzun Süre Kalıcı Parlak Nemli Görünüm Sağlayan Dudak Tinti - 05 Pink Lemon Fizz,"1,015.00",711.00,0
8809716942220,,Makyaj,Lilybyred,Juicy Liar Water Tint / Uzun Süre Kalıcı Parlak Nemli Görünüm Sağlayan Dudak Tinti - 06 Lychee Sangria,"1,015.00",711.00,0
8809716942237,,Makyaj,Lilybyred,Juicy Liar Water Tint / Uzun Süre Kalıcı Parlak Nemli Görünüm Sağlayan Dudak Tinti - 07 Orange Margarita,"1,015.00",711.00,0
8809716942244,,Makyaj,Lilybyred,Juicy Liar Water Tint / Uzun Süre Kalıcı Parlak Nemli Görünüm Sağlayan Dudak Tinti - 08 Pink Currant Punch,"1,015.00",711.00,0
8809716942770,,Makyaj,Lilybyred,Tangle Jelly Balm / Tangle Jelly Nemlendirici Dudak Balmı - 01 Apricot Jelly Bite,"1,015.00",711.00,0
8809716942787,,Makyaj,Lilybyred,Tangle Jelly Balm / Tangle Jelly Nemlendirici Dudak Balmı - 02 Peach Jelly Bite,"1,015.00",711.00,0
8809716942794,,Makyaj,Lilybyred,Tangle Jelly Balm / Tangle Jelly Nemlendirici Dudak Balmı - 03 Apple Jelly Bite,"1,015.00",711.00,0
8809716942831,,Makyaj,Lilybyred,Tangle Jelly Balm / Tangle Jelly Nemlendirici Dudak Balmı - 07 Plum Jelly Bite,"1,015.00",711.00,0
8809716942848,,Makyaj,Lilybyred,Tangle Jelly Balm / Tangle Jelly Nemlendirici Dudak Balmı - 08 Grape Jelly Bite,"1,015.00",711.00,0
8809716943340,,Makyaj,Lilybyred,"Sweet Liar Milky Tint / Kadife Bitişli, Nemlendiricili Dudak Tinti - 01 Vanilla Bean Cream","1,015.00",711.00,0
8809716943371,,Makyaj,Lilybyred,"Sweet Liar Milky Tint / Kadife Bitişli, Nemlendiricili Dudak Tinti - 04 Peach Pudding","1,015.00",711.00,0
8809716943395,,Makyaj,Lilybyred,"Sweet Liar Milky Tint / Kadife Bitişli, Nemlendiricili Dudak Tinti - 06 Cherry Topping","1,015.00",711.00,0
8809716943401,,Makyaj,Lilybyred,"Sweet Liar Milky Tint / Kadife Bitişli, Nemlendiricili Dudak Tinti - 07 Mixed Berries Souffle","1,015.00",711.00,0
8809716944088,,Makyaj,Lilybyred,Milky Blur Fondue Bar/ Kremsi Blur Ruj & Allık - 01 Apricot in Peanut Butter,"1,015.00",711.00,0
8809716944095,,Makyaj,Lilybyred,Milky Blur Fondue Bar/ Kremsi Blur Ruj & Allık - 02 Strawberry in Whipped Cream,"1,015.00",711.00,0
8809393727479,,Makyaj,Lilybyred,Luv Beam Cheek / Tekli Toz Allık - 01 Loveable Coral,"1,015.00",711.00,0
8809393727486,,Makyaj,Lilybyred,Luv Beam Cheek / Tekli Toz Allık - 02 Dollish Rose,"1,015.00",711.00,0
8809393727493,,Makyaj,Lilybyred,Luv Beam Cheek / Tekli Toz Allık - 03 Flush Orange,"1,015.00",711.00,0
8809393727509,,Makyaj,Lilybyred,Luv Beam Cheek / Tekli Toz Allık - 04 Selfie Red,"1,015.00",711.00,0
8809393727516,,Makyaj,Lilybyred,Luv Beam Cheek / Tekli Toz Allık - 05 French Marsala,"1,015.00",711.00,0
8809393727554,,Makyaj,Lilybyred,Luv Beam Cheek Balm / Krem Allık - 01 Pure Coral,"1,015.00",711.00,0
8809393727561,,Makyaj,Lilybyred,Luv Beam Cheek Balm / Krem Allık - 02 Innocent Pink,"1,015.00",711.00,0
8809393727578,,Makyaj,Lilybyred,Luv Beam Cheek Balm / Krem Allık - 03 Mood Rose,"1,015.00",711.00,0
8809393727585,,Makyaj,Lilybyred,Luv Beam Cheek Balm / Krem Allık - 04 Heart Attack Red,"1,015.00",711.00,0
8809716941988,,Makyaj,Lilybyred,Luv Beam Cheek Balm / Krem Allık - 05 Cheeky Lavender,"1,015.00",711.00,0
8809716941995,,Makyaj,Lilybyred,Luv Beam Cheek Balm / Krem Allık - 06 Fluffy Peach,"1,015.00",711.00,0
8809552279634,,Kişisel Bakım,Saltrain,Whitening Diş Macunu 80 grr,727.00,509.00,50
8809552279641,,Kişisel Bakım,Saltrain,Sensitive Diş Macunu 100 grr,793.00,555.00,50
8809552278125,,Kişisel Bakım,Saltrain,Gray Salt Diş Macunu 100 grr,635.00,444.00,50
8809552278941,,Kişisel Bakım,Saltrain,Rose Citron Diş Macunu 100 gr,608.00,426.00,50
8809552278200,,Kişisel Bakım,Saltrain,Tiger Leaf Diş Macunu 100 gr,648.00,453.00,50
8809552278033,,Kişisel Bakım,Saltrain,Fluoride Diş Macunu 100 gr,621.00,435.00,50
8809552279993,,Kişisel Bakım,Saltrain,Strong Mint Diş Macunu 100 gr,661.00,463.00,50
8809552278132,,Kişisel Bakım,Saltrain,Gray Salt Diş Macunu 30 gr,330.00,231.00,50
8809552279047,,Kişisel Bakım,Saltrain,Rose Citron Diş Macunu 30 gr,303.00,212.00,50
8809552278217,,Kişisel Bakım,Saltrain,Tiger Leaf Diş Macunu 30 gr,343.00,240.00,50
8809552278149,,Kişisel Bakım,Saltrain,Fluoride Diş Macunu 30 gr,317.00,222.00,50
8809552271270,,Kişisel Bakım,Saltrain,Strong Mint Diş Macunu 30 gr,356.00,249.00,50
8809552279542,,Kişisel Bakım,Saltrain,Gray Salt Seyahat Seti (Diş Macunu ve Diş Fırçası),727.00,509.00,50
8809552279139,,Kişisel Bakım,Saltrain,Rose Citron Seyahat Seti (Diş Macunu ve Diş Fırçası),701.00,491.00,50
8809552278897,,Kişisel Bakım,Saltrain,Tiger Leaf Seyahat Seti (Diş Macunu ve Diş Fırçası),740.00,518.00,50
8809552279559,,Kişisel Bakım,Saltrain,Fluoride Seyahat Seti (Diş Macunu ve Diş Fırçası),714.00,500.00,50
8809552279795,,Kişisel Bakım,Saltrain,Strong Mint Seyahat Seti (Diş Macunu ve Diş Fırçası),754.00,528.00,50
8800256114483,,Kişisel Bakım,Medicube,AGE-R Booster Pro Head Case Pink (Cihaz Başlık Kılıfı),499.00,250.00,350
8809928230430,,Kişisel Bakım,Bibimcos,Mini Shower-Head Filter Mini Duş Başlığı,"1,400.00",980.00,500
8809928230436,,Kişisel Bakım,Bibimcos,Mini Shower Head Filter Mini Duş Başlığı Yedek Filtre,424.70,297.26,300
